Customer ID,Churn Category
0650-BWOZN,1
0562-FGDCR,1
6688-UZPWD,0
2905-KFQUV,1
9720-JJJOR,0
5236-PERKL,1
8200-LGKSR,0
3279-DYZQM,0
3996-ZNWYK,0
9500-LTVBP,0
5229-PRWKT,0
1764-VUUMT,2
7531-GQHME,0
4377-VDHYI,0
7516-GMHUV,0
5197-PYEPU,1
2120-SMPEX,2
0496-AHOOK,1
2805-AUFQN,0
0841-NULXI,0
0263-FJTQO,0
3280-NMUVX,0
1820-TQVEV,0
1100-DDVRV,0
9779-DPNEJ,0
8409-WQJUX,0
7493-TPUWZ,0
1135-HIORI,0
6230-BSUXY,1
9667-EQRXU,0
2014-MKGMH,1
7207-RMRDB,5
1934-SJVJK,0
7077-XJMET,0
2452-KDRRH,0
7351-MHQVU,4
8631-XVRZL,0
3143-ILDAL,3
4797-AXPXK,0
6164-HAQTX,0
0526-SXDJP,0
3671-SHRSP,0
6101-IMRMM,4
7131-ZQZNK,0
1775-KWJKQ,0
4078-SAYYN,1
9774-NRNAU,0
2123-AGEEN,0
0742-MOABM,3
5884-GCYMI,0
3452-GWUIN,0
6713-OKOMC,0
9039-ZVJDC,0
8701-DGLVH,0
8630-FJLIB,0
1850-AKQEP,0
8313-NDOIA,0
2703-AMTUL,0
5789-LDFXO,2
4522-AKYLR,0
2121-JAFOM,0
1732-FEKLD,0
6860-YRJZP,0
8070-AAWZP,0
5067-XJQFU,0
4847-QNOKA,0
0807-ZABDG,0
7233-IOQNP,0
1384-RCUXW,0
9968-FFVVH,0
7989-CHGTL,4
8096-LOIST,0
5364-EVNIB,0
4789-KWMXN,0
1084-UQCHV,0
0788-DXBFY,0
6791-YBNAK,2
4837-QUSFT,0
5948-UJZLF,0
0913-XWSCN,0
1934-MKPXS,0
6435-VWCCY,0
0402-CQAJN,2
2359-KMGLI,2
9391-EOYLI,0
7356-AYNJP,3
7892-POOKP,0
8050-XGRVL,0
8755-OGKNA,1
1818-ESQMW,0
9133-AYJZG,1
7814-LEEVE,0
6022-UGGSO,0
7446-YPODE,0
8399-YNDCH,0
5196-WPYOW,0
0856-NAOES,0
2999-AANRQ,0
7714-YXSMB,0
3541-ZNUHK,0
7089-IVVAZ,0
7817-BOQPW,0
8496-EJAUI,2
8059-UDZFY,0
9643-YBLUR,1
4829-ZLJTK,5
6176-YJWAS,4
7480-QNVZJ,2
9441-QHEVC,1
8751-EDEKA,0
4530-NDRKU,5
7392-YYPYJ,0
3096-WPXBT,0
1725-IQNIY,0
6173-ITPWD,0
1730-ZMAME,0
4654-ULTTN,0
4137-JOPHL,0
8221-EQDGL,0
4635-EJYPD,0
5012-YSPJJ,0
5143-WMWOG,0
8201-AAXCB,0
6198-PNNSZ,0
6140-QNRQQ,0
9927-DSWDF,1
6583-KQJLK,0
6064-PUPMC,1
7825-ECJRF,0
8713-IGZSO,0
5451-YHYPW,0
1090-ESELR,3
5882-CMAZQ,1
1356-MKYSK,1
2933-FILNV,0
4566-NECEV,0
5986-WWXDV,0
3620-EHIMZ,0
7534-BFESC,0
4816-LXZYW,1
4940-KHCWD,0
0430-IHCDJ,0
2239-CFOUJ,1
3359-DSRKA,0
2400-XIWIO,4
2040-OBMLJ,0
5073-WXOYN,0
3978-YNKDD,0
0322-YINQP,0
9866-OCCKE,0
6365-MTGZX,0
4274-DRSQT,0
2504-DSHIH,0
5876-HZVZM,0
2294-DMMUS,1
6195-MELTI,2
1429-UYJSV,1
9283-LZQOH,0
7162-WPHPM,3
7890-VYYWG,3
2662-NNTDK,0
6789-HJBWG,1
4086-YQSNZ,0
9863-JZAIC,0
4003-OCTMP,0
8473-VUVJN,1
9103-CXVOK,2
5146-YYFRZ,0
3675-EQOZA,4
8234-GSZYK,0
0743-HNPFG,0
6551-VLJMV,0
6953-PBDIN,1
8361-LTMKD,0
7072-MBHEV,0
3976-HXHCE,0
3583-EKAPL,1
2050-ONYDQ,0
4537-CIBHB,0
1272-ILHFG,0
8720-RQSBJ,2
0014-BMAQU,1
3716-BDVDB,0
2606-RMDHZ,0
5077-DXTCG,0
9710-ZUSHQ,5
2599-CIPQE,5
8974-OVACP,0
3648-GZPHF,0
6504-VBLFL,0
3097-NQYSN,0
3012-VFFMN,3
2307-FYNNL,3
9272-LSVYH,0
4404-HIBDJ,1
8972-HJWNV,0
9650-VBUOG,0
1347-KTTTA,0
3923-CSIHK,0
3692-JHONH,0
7644-OMVMY,2
8246-SHFGA,0
6993-YCOBK,3
8896-BQTTI,0
5133-VRSAB,0
5876-QMYLD,0
2520-SGTTA,0
2954-PIBKO,0
4806-DXQCE,0
7197-VOJMM,0
5956-VKDTT,0
6292-TOSSS,0
3594-UVONA,0
2027-DNKIV,1
5351-QESIO,1
0939-EREMR,0
6797-UCJHZ,3
6633-MPWBS,0
6967-QIQRV,1
3126-WQMGH,3
8104-OSKWT,3
9081-WWXKP,0
0224-RLWWD,0
4029-HPFVY,0
7249-WBIYX,2
8464-EETCQ,0
5120-ZBLAI,0
1104-FEJAM,0
8646-JCOMS,3
3806-DXQOM,0
5849-ASHZJ,1
0363-QJVFX,0
3026-ATZYV,0
0829-XXPLX,0
6128-DAFVY,0
2862-PFNIK,0
7776-QWNFX,2
5671-UUNXD,0
1069-QJOEE,0
5502-RLUYV,0
5310-NOOVA,0
0924-BJCRC,0
5143-EGQFK,0
3154-CFSZG,1
0295-QVKPB,1
0960-HUWBM,0
1470-PSXNM,0
2826-UWHIS,5
1792-UXAFY,0
0742-NXBGR,4
4749-OJKQU,0
2181-UAESM,3
2661-GKBTK,0
9170-ARBTB,0
3130-ICDUP,1
8681-ICONS,0
5522-NYKPB,0
1658-BYGOY,0
6341-JVQGF,0
3243-ZHOHY,2
3451-VAWLI,0
0727-BMPLR,0
5712-VBOXD,0
3389-YGYAI,0
3214-IYUUQ,0
7816-VGHTO,1
7951-QKZPL,0
4062-HBMOS,0
4948-WBBKL,3
9209-NWPGU,0
6563-VRERX,0
6907-FLBER,0
7233-DRTRF,0
7047-YXDMZ,4
0191-EQUUH,0
6861-XWTWQ,3
0323-XWWTN,0
7089-XXAYG,0
6941-PMGEP,0
5519-TEEUH,0
5201-USSQZ,0
9601-BRXPO,0
0754-EEBDC,4
9873-MNDKV,0
6924-TDGMT,0
3945-GFWQL,0
4973-MGTON,0
5357-TZHPP,0
5206-XZZQI,0
2361-UPSND,0
5602-BVFMK,0
4781-ZXYGU,1
1723-HKXJQ,2
1428-IEDPR,0
1043-YCUTE,0
7632-YUTXB,0
3705-PSNGL,0
2272-QAGFO,0
0916-KNFAJ,0
6204-IEUXJ,1
1325-USMEC,0
7251-XFOIL,0
6950-TWMYB,0
5482-NUPNA,0
2716-GFZOR,0
8138-EALND,0
6300-BWMJX,0
6543-CPZMK,0
5549-ZGHFB,0
2761-XECQW,3
5167-ZFFMM,0
0565-IYCGT,0
2709-UQGNP,0
1218-VKFPE,0
6295-OSINB,2
6857-VWJDT,0
6618-RYATB,0
6172-FECYY,0
3850-OKINF,0
4607-CHPCA,0
8270-RKSAP,1
1550-EENBN,0
5453-YBTWV,0
6050-IJRHS,0
7566-DSRLQ,1
6211-WHMYA,0
2344-JMOGN,0
1657-DYMBM,1
4010-YLMVT,0
2865-TCHJW,0
8969-PRHFK,0
7730-IUTDZ,0
2969-WGHQO,0
7064-FRRSW,0
8710-YGLWG,0
4254-QPEDE,0
4644-PIZRT,0
3865-ZYKAD,0
8591-TKMZH,1
2673-ZALNP,0
1699-HPSBG,4
0042-JVWOJ,0
4879-GZLFH,0
2143-LJULT,2
5397-NSKQG,0
8194-PEEBY,0
3587-PMCOY,0
2202-CUYXZ,0
6147-CBCRA,1
8622-ZLFKO,0
6840-RESVB,0
0616-ATFGB,0
0419-YAAPX,0
5542-TBBWB,0
3957-HHLMR,0
0484-FFVBJ,0
0943-ZQPXH,0
0137-OCGAB,0
3932-IJWDZ,0
6383-ZTSIW,0
0042-RLHYP,0
4403-BWPAY,2
6457-GIRWB,0
2325-ZUSFD,0
9360-AHGNL,0
0620-DLSLK,0
1612-EOHDH,0
1335-MXCSE,1
8040-MNRTF,2
9625-QNLUX,1
9054-FOWNV,5
8679-LZBMD,0
4958-GZWIY,1
3679-XASPY,0
4059-IIEBK,0
6483-OATDN,0
0854-UYHZD,0
7188-CBBBA,0
3374-TTZTK,0
7064-JHXCE,0
4612-SSVHJ,0
9495-SKLKD,0
7244-KXYZN,0
3237-AJGEH,1
0945-TSONX,1
5639-NTUPK,0
7353-YOWFP,0
9947-OTFQU,1
4844-JJWUY,0
8218-FFJDS,0
5222-IMUKT,0
3410-MHHUM,0
2479-BRAMR,1
4683-WYDOU,1
2542-HYGIQ,0
2091-MJTFX,0
0117-LFRMW,0
4585-HETAI,0
5380-XPJNZ,0
7967-HYCDE,0
3470-BTGQO,0
0784-GTUUK,0
8882-TLVRW,0
3055-OYMSE,1
5402-HTOTQ,0
3778-FOAQW,1
6064-ZATLR,0
0013-SMEOE,0
1013-QCWAM,0
2320-YKQBO,0
2651-ZCBXV,0
2347-WKKAE,0
6221-AVQYL,0
0128-MKWSG,0
8779-QRDMV,3
5438-QMDDL,0
5196-SGOAK,0
8883-ANODQ,5
6137-MFAJN,1
5480-XTFFL,2
0594-UFTUL,1
5365-LLFYV,0
4006-HKYHO,0
2530-ENDWQ,0
4581-LNWUM,0
7459-RRWQZ,0
3363-DTIVD,1
9372-TXXPS,1
7377-DMMRI,1
5650-YLIBA,1
6620-HVDUJ,0
7860-KSUGX,0
4512-ZUIYL,0
9626-WEQRM,0
5919-TMRGD,0
8319-QBEHW,0
5701-SVCWR,4
1207-BLKSA,0
5696-CEIQJ,0
2011-TRQYE,0
7163-OCEQI,0
4159-NAAIX,0
2311-QYMUQ,0
4412-YLTKF,0
6647-ZEDXT,0
4464-JCOLN,0
5555-RNPGT,0
2325-WINES,0
6124-ACRHJ,1
4697-LUPSU,0
3950-VPYJB,1
2284-VFLKH,2
6870-ZWMNX,0
9305-CDSKC,0
6168-WFVVF,0
4090-KPJIP,3
7923-IYJWY,0
1334-PDUKM,1
1956-YIFGE,0
3707-GNWHM,0
7161-DFHUF,0
2990-OGYTD,0
8242-SOQUO,4
7993-NQLJE,1
2303-PJYHN,0
7493-GVFIO,0
5334-JLAXU,0
7538-GWHML,0
5148-ORICT,1
7851-WZEKY,0
8543-MSDMF,0
2122-YWVYA,0
8098-TDCBU,2
3230-JCNZS,1
3018-TFTSU,0
5349-IECLD,0
0956-ACVZC,0
9057-MSWCO,0
8722-NGNBH,0
5569-OUICF,0
4049-ZPALD,0
8565-CLBZW,0
4325-NFSKC,0
5917-RYRMG,0
0122-OAHPZ,0
5522-JBWMO,0
9069-LGEUL,0
6311-UEUME,0
4396-KLSEH,0
6131-JLWZM,1
0282-NVSJS,3
9987-LUTYD,0
8807-OPMBM,3
7673-LPRNY,4
3737-GCSPV,3
1227-UDMZR,0
0564-JJHGS,0
1597-LHYNC,0
7552-KEYGT,0
0621-TWIEM,0
7526-IVLYU,0
3910-MRQOY,0
1217-VASWC,3
6199-IWKGC,3
0491-KAPQG,0
7706-YLMQA,0
7572-KPVKK,1
0454-OKRCT,0
6682-VCIXC,0
3612-YUNGG,0
9964-WBQDJ,0
2332-EFBJY,1
6769-DYBQN,1
3935-TBRZZ,0
4824-GUCBY,0
4002-BQWPQ,0
6712-OAWRH,0
1735-XMJVH,0
0440-UEDAI,0
9297-EONCV,0
7682-AZNDK,3
5982-PSMKW,0
8812-ZRHFP,0
5177-RVZNU,0
3703-VAVCL,0
7590-VHVEG,2
7526-BEZQB,0
6968-URWQU,0
8992-JQYUN,0
0302-JOIVN,1
5414-OFQCB,1
1618-CFHME,3
1977-STDKI,0
8217-QYOHV,0
0363-SVHYR,5
9347-AERRL,3
5886-VLQVU,0
5231-FIQPA,0
8844-TONUD,0
6380-ARCEH,2
2817-NTQDO,0
1096-ADRUX,0
1989-PRJHP,0
5170-PTRKA,0
4350-ZTLPI,0
2916-BQZLN,4
4660-IRIBM,0
5702-KVQRD,0
0311-UNPFF,1
0899-LIIBW,0
6169-PPETC,0
7779-ORAEL,0
1494-EJZDW,0
1635-HDGFT,0
6202-JVYEU,1
4342-HFXWS,1
6625-FLENO,0
5934-TSSAU,0
3068-OMWZA,4
9314-QDMDW,0
8017-UVSZU,2
8510-BBWMU,0
2868-LLSKM,0
4939-KYYPY,0
8496-DMZUK,3
4895-TMWIR,0
7921-LMDFQ,0
8822-KNBHV,0
6356-ELRKD,0
2276-YDAVZ,0
2325-NBPZG,0
9667-TKTVZ,1
8731-WBBMB,0
7529-ZDFXI,0
1493-AMTIE,0
9894-QMIMJ,0
4471-KXAUH,0
7777-UNYHB,2
0233-FTHAV,3
8467-WYNSR,0
8590-YFFQO,0
0708-LGSMF,4
8006-PYCSW,0
0479-HMSWA,1
1561-BWHIN,1
8584-KMVXD,0
7940-UQQUG,0
6549-NNDYT,0
1982-FEBTD,0
3893-JRNFS,0
0407-BDJKB,3
1338-CECEE,0
7382-DFJTU,0
4846-WHAFZ,0
9881-VCZEP,0
7398-LXGYX,1
4139-JPIAM,0
8008-ESFLK,0
7821-DPRQE,0
5140-FOMCQ,0
6253-WRFHY,0
7854-FOKSF,4
7384-GHBPI,0
2900-PHPLN,0
6305-YLBMM,0
3170-GWYKC,0
0907-HQNTS,0
7115-IRDHS,0
4702-IOQDC,5
6899-PPEEA,0
5294-IMHHT,0
2710-WYVXG,0
7326-RIGQZ,4
2324-EFHVG,0
3129-AAQOU,0
5406-KGRMX,0
2903-YYTBW,0
8875-AKBYH,0
7850-VWJUU,0
0619-OLYUR,0
0440-QEXBZ,1
6135-OZQVA,0
1376-HHBDV,0
1017-FBQMM,1
9512-PHSMG,1
5975-BAICR,0
8174-TBVCF,0
8904-OPDCK,0
2656-FMOKZ,1
4054-CUMIA,0
3199-NPKCN,0
7641-EUYET,0
5242-UOWHD,0
6738-ISCBM,0
6214-EDAKZ,1
5027-QPKTE,0
3871-IKPYH,0
0103-CSITQ,1
7317-GGVPB,0
1567-DSCIC,0
2729-VNVAP,0
5939-SXWHM,2
8690-UPCZI,0
7997-EASSD,0
1814-DKOLC,0
8671-KKKOS,0
6259-WJQLC,0
6179-GJPSO,0
2604-IJPDU,0
2250-IVBWA,0
6726-WEXXK,1
4918-FYJNT,0
3938-YFPXD,0
2521-NPUZR,1
0017-DINOC,0
4013-UBXWQ,0
1534-OULXE,0
4926-UMJZD,0
3030-YDNRM,0
3030-YZADT,0
6862-CQUMB,3
0611-DFXKO,5
6891-JPYFF,0
7018-WBJNK,0
7727-SHVZV,0
5766-FTRTS,0
2452-SNHFZ,0
0685-MLYYM,0
0215-BQKGS,3
7758-XKCBS,0
6400-BWQKW,1
1357-MVDOZ,0
2137-DQMEV,0
0691-JVSYA,0
4423-JWZJN,3
4220-TINQT,0
8375-DKEBR,0
9058-HRZSV,2
2359-QWQUL,0
7395-IGJOS,2
7595-EHCDL,0
6839-ITVZJ,0
4759-TRPLW,0
0746-JTRFU,1
6907-NZZIJ,0
0260-ZDLGK,0
3655-SNQYZ,1
9102-OXKFY,1
6223-DHJGV,1
7594-LZNWR,1
1841-YSJGV,0
5519-NPHVG,0
1722-LDZJS,0
4282-MSACW,1
0727-BNRLG,0
9142-KZXOP,0
9874-QLCLH,0
5906-BFOZT,0
3969-GYXEL,0
8033-VCZGH,0
6048-QBXKL,1
0374-FIUCA,0
2639-UGMAZ,0
3398-ZOUAA,0
5294-DMSFH,0
8676-TRMJS,0
1135-LMECX,5
6766-HFKLA,0
2169-RRLFW,0
7964-YESJC,0
1024-KPRBB,0
0581-MDMPW,1
2226-ICFDO,0
6981-TDRFT,0
9659-QEQSY,0
5669-SRAIP,5
5673-TIYIB,0
9801-GDWGV,0
9448-REEVD,0
0794-YVSGE,0
0378-CJKPV,0
4510-HIMLV,0
8562-GHPPI,0
9570-KYEUA,0
1755-RMCXH,0
2155-AMQRX,0
3721-CNZHX,3
4983-CLMLV,0
8837-VVWLQ,0
6174-NRBTZ,0
4616-EWBNJ,0
1935-IMVBB,0
8645-KWHJO,1
8623-ULFNQ,0
3612-YVGSJ,4
7083-MIOPC,0
6016-NXBNJ,0
1400-MMYXY,4
6834-NXDCA,0
2805-EDJPQ,1
4647-XXZAM,0
5914-GXMDA,1
5681-LLOEI,1
5651-CRHKQ,0
0224-NIJLP,0
8728-SKJLR,0
5035-PGZXH,0
9795-VOWON,2
5271-YNWVR,0
6260-ONULR,0
6614-FHDBO,0
1154-HYWWO,1
9200-NLNPD,0
8705-DWKTI,0
6857-TKDJV,0
6972-SNKKW,1
0374-IOEGQ,0
1371-WEPDS,0
3262-EIDHV,0
5977-CKHON,0
4184-VODJZ,0
7328-OWMOM,0
8128-YVJRG,0
0361-HJRDX,0
8577-QSOCG,0
9027-YFHQJ,0
8182-BJDSI,0
3254-YRILK,1
0365-BZUWY,0
3594-IVHJZ,0
9732-EQMWY,0
4130-MZLCC,0
5650-VDUDS,0
6629-CZTTH,0
9194-GFVOI,0
7649-SIJJF,0
9805-FILKB,0
9586-JGQKH,1
5510-BOIUJ,0
8003-EWNDZ,0
6158-DWPZT,1
6368-TZZDT,0
6715-OFDBP,0
0842-IWYCP,1
8610-WFCJF,0
1763-WQFUK,0
1319-YLZJG,0
7235-NXZCP,5
5931-FLJJF,0
3419-SNJJD,0
7284-ZZLOH,0
9746-MDMBK,0
5857-TYBCJ,0
7470-MCQTK,0
9633-XQABV,0
2525-GVKQU,0
6328-ZPBGN,0
7109-MFBYV,0
0795-GMVQO,5
2038-LLMLM,0
7554-NEWDD,3
1342-JPNKI,1
0411-EZJZE,0
6917-FIJHC,0
4716-HHKQH,0
0096-FCPUF,0
1689-MRZQR,5
8884-FEEWR,4
5244-IRFIH,1
2055-BFOCC,0
0927-LCSMG,0
4897-QSUYC,0
1131-SUEKT,0
4622-YNKIJ,0
1436-ZMJAN,0
0744-BIKKF,0
5016-IBERQ,1
8387-UGUSU,0
5840-NVDCG,0
3842-QTGDL,0
7861-UVUFT,2
9825-YCXWZ,0
1143-NMNQJ,0
5649-TJHOV,0
3413-CSSTH,0
5574-NXZIU,0
6474-FVJLC,0
4628-CTTLA,0
7758-UJWYS,0
7369-TRPFD,0
7633-MVPUY,0
7739-LAXOG,0
0074-HDKDG,0
4816-OKWNX,1
0670-ANMUU,0
8277-RVRSV,0
6711-FLDFB,0
3378-AJRAO,0
5353-WILCI,0
4998-IKFSE,0
5924-SNGKP,0
9134-WYRVP,1
6119-SPUDB,3
3198-VELRD,0
4750-ZRXIU,5
5311-IHLEI,0
1636-NTNCO,0
5204-QZXPU,0
4301-VVZKA,0
7126-RBHSD,1
8573-JGCZW,1
3806-YAZOV,0
9979-RGMZT,0
2346-CZYIL,0
6447-EGDIV,0
3387-VATUS,0
8961-QDZZJ,4
9046-JBFWA,0
7268-IGMFD,1
2874-YXVVA,1
2039-JONDJ,0
2282-YGNOR,0
6922-NCEDI,5
2660-EMUBI,1
1363-TXLSL,0
6060-QBMGV,1
6087-MVHJH,0
5751-USDBL,0
4657-FWVFY,4
0080-OROZO,0
3308-DGHKL,0
1525-LNLOJ,0
2592-HODOV,1
1297-VQDRP,0
3847-BAERP,0
0463-ZSDNT,0
0523-VNGTF,1
1608-GMEWB,0
0840-DCNZE,3
4957-SREEC,0
2833-SLKDQ,0
1304-SEGFY,0
8894-JVDCV,0
0480-BIXDE,3
1658-XUHBX,2
3811-VBYBZ,0
2516-XSJKX,4
5753-QQWPW,0
4450-YOOHP,1
7924-GJZFI,0
7254-IQWOZ,0
6333-YDVLT,0
0853-NWIFK,0
9391-DXGGG,0
1183-CANVH,0
7663-ZTEGJ,0
4690-PKDQG,0
1936-UAFEH,0
9554-DFKIC,1
3489-VSFRD,1
4567-AKPIA,0
7698-YFGEZ,0
4310-KEDTB,0
6358-LYNGM,1
3733-LSYCE,0
4826-XTSOH,0
4135-FRWKJ,0
8481-YYXWG,0
8748-HFWBO,0
2599-CZABP,0
6621-NRZAK,0
6546-OPBBH,0
6686-YPGHK,2
1921-KYSAY,0
2403-BCASL,1
0997-YTLNY,0
9972-VAFJJ,3
6769-DCQLI,0
4559-UWIHT,0
4283-FUTGF,0
5902-WBLSE,0
6967-PEJLL,0
6127-IYJOZ,0
6916-HIJSE,0
2984-RGEYA,0
2748-MYRVK,0
0164-APGRB,1
2446-PLQVO,1
9158-VCTQB,0
3258-ZKPAI,5
7271-AJDTL,0
0909-SELIE,3
7838-LAZFO,0
3411-WLRSQ,1
3791-LGQCY,0
7319-VENRZ,0
2208-NQBCT,3
7674-YTAFD,0
8160-HOWOX,0
5296-PSYVW,0
3420-YJLQT,0
3070-DVEYC,0
0266-CLZKZ,0
3551-HUAZH,0
6959-UWKHF,0
2604-XVDAM,1
9717-IOAAF,0
5570-PTWEH,4
6331-LWDTQ,0
9753-OYLBX,3
3982-JGSFD,5
8058-INTPH,0
1866-RZZQS,0
8402-EIVQS,2
1750-CSKKM,0
2387-KDZQY,0
9489-DEDVP,0
1872-EBWSC,0
2845-KDHVX,1
7321-ZNSLA,3
8375-KVTHK,1
5729-KLZAR,0
7964-ZRKKG,0
7000-WCEVQ,0
7881-EVUAD,5
5473-KHBPS,1
1996-DBMUS,0
7147-AYBAA,0
0513-RBGPE,0
2129-ALKBS,0
1794-SWWKL,0
5802-ADBRC,0
1131-QQZEB,0
0196-JTUQI,1
1273-MTETI,0
2749-CTKAJ,0
7216-KAOID,0
6959-GQEGV,0
7623-TRNQN,0
7156-MXBJE,4
8808-ELEHO,1
0310-SUCIN,4
4298-OYIFC,0
1539-LNKHM,1
5044-LRQAQ,5
6746-WAUWT,0
2114-MGINA,0
4514-GFCFI,0
4636-QRJKY,0
0582-AVCLN,4
9237-HQITU,2
9112-WSNPU,0
3824-RHKVR,0
5168-MSWXT,2
7869-ZYDST,0
3785-KTYSH,0
4717-GHADL,0
8336-TAVKX,0
5788-YPOEG,0
5863-OOKCL,2
5297-MDOIR,0
5458-CQJTA,0
7047-FWEYA,3
1396-QWFBJ,0
1399-OUPJN,0
2580-ASVVY,0
0486-LGCCH,0
4391-RESHN,0
2465-BLLEU,0
0392-BZIUW,0
6586-MYGKD,0
4732-RRJZC,0
6260-XLACS,0
6173-GOLSU,2
1027-LKKQQ,0
7240-ETPTR,0
7463-IFMQU,0
9730-DRTMJ,0
6772-KSATR,0
6645-MXQJT,1
8294-UIMBA,0
2921-XWDJH,0
3855-ONCAR,0
6691-CCIHA,0
9715-SBVSU,1
5397-TUPSH,2
1357-BIJKI,0
7247-XOZPB,0
2135-DQWAQ,5
1029-QFBEN,0
2157-MXBJS,0
1455-ESIQH,0
3003-CMDUU,0
7025-WCBNE,0
0727-IWKVK,0
6823-SIDFQ,0
4927-WWOOZ,1
2616-FLVQC,0
4361-BKAXE,1
7137-RYLPP,0
6646-VRFOL,0
2533-QVMSK,0
6551-ZCOTS,0
1447-PJGGA,4
2419-FSORS,0
3545-CNWRG,4
9833-TGFHX,0
0468-YRPXN,0
7596-ZYWBB,0
4644-OBGFZ,0
2002-MZHWP,3
2856-HYAPG,1
4759-PXTAN,4
3675-YDUPJ,0
2616-UUTFK,0
5446-DKWYW,0
6352-TWCAU,0
0508-SQWPL,0
3410-YOQBQ,0
0519-DRGTI,0
6384-VMJHP,1
9361-YNQWJ,0
1137-DGOWI,0
4282-YMKNA,3
5324-KTGCG,0
8183-ONMXC,1
9621-OUPYD,0
8456-QDAVC,0
5696-EXCYS,0
6982-UQZLY,0
1116-DXXDF,5
9108-EJFJP,2
9688-YGXVR,0
9602-WCXPI,0
2925-VDZHY,0
8267-KFGYD,3
6569-KTMDU,0
2675-DHUTR,0
5167-GBFRE,0
2043-WVTQJ,0
0895-LMRSF,0
5457-COLHT,0
7617-EYGLW,0
9957-YODKZ,0
3011-WQKSZ,5
8224-IVVPA,0
6685-XSHHU,0
3656-TKRVZ,0
0761-AETCS,0
7248-VZQLC,1
7294-TMAOP,0
8805-JNRAZ,0
9524-EGPJC,0
3563-SVYLG,0
1216-BGTSP,0
5777-KJIRB,0
8024-XNAFQ,2
2386-LAHRK,1
4012-YCFAI,3
6861-OKBCE,0
1705-GUHPV,0
2995-YWTCD,0
1163-ONYEY,0
7576-OYWBN,0
1930-BZLHI,0
6614-VBEGU,0
8220-OCUFY,0
0021-IKXGC,4
5959-BELXA,0
9233-PSYHO,0
0023-HGHWL,2
6087-YPWHO,0
5317-FLPJF,0
1927-QEWMY,0
9350-ZXYJC,0
1724-BQUHA,1
1047-NNCBF,2
8625-AZYZY,0
4018-KJYUY,0
9068-FHQHD,0
7026-YMSBE,0
5176-OLSKT,1
4547-KQRTM,1
2582-FFFZR,0
9514-JDSKI,0
9821-POOTN,3
4361-FEBGN,0
1264-BYWMS,3
8058-JMEQO,0
3932-CMDTD,0
9631-XEYKE,1
2208-UGTGR,0
7354-OIJLX,3
0257-ZESQC,0
9210-IAHGH,0
9738-QLWTP,0
7394-FKDNK,3
5980-NOPLP,1
7270-BDIOA,5
0730-BGQGF,2
9013-AQORL,0
6242-FEGFD,4
4077-HWUYD,0
3658-KIBGF,0
7198-GLXTC,0
9199-PWQVC,0
9644-UMGQA,0
8564-LDKFL,2
1666-JXLKU,0
0156-FVPTA,0
9391-YZEJW,0
2007-QVGAW,4
9565-DJPIB,0
3229-USWAR,0
8033-ATFAS,4
0932-YIXYU,2
2242-MFOTG,0
5707-ZMDJP,0
6696-YDAYZ,0
1400-WIVLL,0
5614-DNZCE,1
1832-PEUTS,0
6646-QVXLR,0
5835-BEQEU,0
4614-NUVZD,2
7571-YXDAD,0
5385-SUIRI,0
7234-FECYN,0
0822-GAVAP,1
6161-UUUTA,0
8421-WZOOW,4
0607-MVMGC,0
2612-PHGOX,3
7486-KSRVI,0
6476-EPYZR,0
3399-BMLVW,0
2656-TABEH,0
1866-DIOQZ,1
8990-YOZLV,0
6522-OIQSX,5
9647-ERGBE,0
0487-CRLZF,0
5176-LMJXE,3
1602-IJQQE,0
7931-PXHFC,0
0060-FUALY,0
4203-QGNZA,0
8535-SFUTN,0
9392-XBGTD,0
0147-ESWWR,0
2472-OVKUP,0
1591-MQJTP,0
0979-PHULV,0
0547-HURJB,0
5985-TBABQ,0
2386-OWURY,2
1399-UBQIU,0
8361-LBRDI,1
6469-MRVET,0
0484-JPBRU,0
8885-QSQBX,0
2746-DIJLO,0
6234-RAAPL,0
8108-UXRQN,0
8495-LJDFO,0
2205-LPVGL,0
5996-DAOQL,0
5419-JKZNQ,0
8905-IAZPF,0
6711-VTNRE,1
3712-PKXZA,0
5052-PNLOS,0
2193-SFWQW,0
7030-NJVDP,1
1599-MMYRQ,0
8295-KMENE,0
0390-DCFDQ,0
3858-VOBET,0
4199-QHJNM,5
4236-UJPWO,1
2188-SXWVT,0
8069-YQQAJ,0
7527-QNRUS,0
9801-NOSHQ,1
8540-ZQGEA,0
0829-DDVLK,0
9172-ANCRX,0
5249-QYHEX,0
0442-ZXKVS,0
2725-TTRIQ,0
3635-QQRQD,5
1866-ZSLJM,0
3866-MDTUB,1
1905-OEILC,0
9367-WXLCH,0
7134-MJPDY,1
1448-CYWKC,0
0674-GCDXG,4
2758-RNWXS,0
4317-VTEOA,0
3796-ENZGF,0
9851-QXEEQ,0
7153-CHRBV,0
1704-NRWYE,0
0129-QMPDR,2
9950-MTGYX,5
1564-HJUVY,0
2634-HCZGT,0
7096-UCLNH,1
2657-ALMWY,0
5642-MHDQT,0
1571-SAVHK,0
9350-VLHMB,0
9770-KXGQU,0
2040-VZIKE,0
0628-CNQRM,0
4194-FJARJ,0
2088-IEBAU,0
6267-DCFFZ,0
6563-VNPMN,1
9127-FHJBZ,1
6585-WCEWR,1
6231-WFGFH,4
1402-PTHGN,1
5609-IMCGG,0
4423-YLHDV,0
2619-WFQWU,0
7021-XSNYE,5
7912-SYRQT,1
2239-CGBUZ,0
8566-YPRGL,0
3776-EKTKM,0
9978-HYCIN,0
6910-HADCM,0
4808-YNLEU,1
6804-GDMOI,0
5921-NGYRH,5
9711-FJTBX,0
5850-BDWCY,0
6668-CNMFP,0
6128-AQBMT,3
0174-QRVVY,5
2774-LVQUS,0
3195-TQDZX,0
7503-EPSZW,0
8158-WPEZG,0
8645-KOMJQ,0
3523-QRQLL,0
8819-WFGGJ,0
7153-OANIO,0
9173-IVZVP,0
7771-CFQRQ,3
7956-XQWGU,0
8316-BBQAY,0
8580-QVLOC,0
4065-JJAVA,0
0203-HHYIJ,0
4210-QFJMF,0
7643-RCHXS,0
2612-RANWT,0
3450-WXOAT,0
7614-QVWQL,4
9058-CBREO,0
8779-YIQQA,0
9959-WOFKT,0
8066-POXGX,0
9752-ZNQUT,1
4877-EVATK,0
5204-HMGYF,0
2474-LCNUE,0
0168-XZKBB,0
8637-XJIVR,1
3714-XPXBW,0
2257-BOVXD,4
8393-DLHGA,0
9702-AIUJO,0
7508-MYBOG,2
4074-SJFFA,0
8706-HRADD,0
0887-WBJVH,0
9555-SAHUZ,0
9465-RWMXL,0
2546-KZAAT,0
5448-VWNAM,0
4936-YPJNK,0
9348-YVOMK,0
9888-ZCUMM,0
8148-NLEGT,0
5600-KTXFM,0
2988-QRAJY,0
4061-UKJWL,1
8718-PTMEZ,0
6298-QDFNH,0
6116-RFVHN,0
7157-SMCFK,0
3519-ZKXGG,0
8232-CTLKO,0
4124-MMETB,5
7580-UGXNC,0
5813-UECBU,0
2141-RRYGO,0
1360-RCYRT,0
1302-UHBDD,0
1169-SAOCL,0
7495-OOKFY,0
5839-SUYVZ,4
6188-UXBBR,1
2200-DSAAL,0
4678-DVQEO,0
6005-OBZPH,0
9795-SHUHB,0
9356-AXGMP,0
1245-HARPS,2
0078-XZMHT,0
8853-TZDGH,0
9620-QJREV,0
3113-IWHLC,2
3324-OIRTO,0
3570-YUEKJ,0
7581-EBBOU,0
7750-EYXWZ,3
5360-LJCNJ,0
7517-LDMPS,0
2592-SEIFQ,1
3794-NFNCH,0
8920-NAVAY,0
4674-HGNUA,0
2674-MLXMN,4
8561-NMTBD,0
6960-HVYXR,0
0864-FVJNJ,0
8395-ETZKQ,0
1544-JJMYL,3
6317-YPKDH,3
8305-VHZBZ,0
8205-VSLRB,1
0019-EFAEP,0
2821-WARNZ,0
2694-CIUMO,0
9931-KGHOA,0
0011-IGKFF,0
0617-AQNWT,0
0859-YGKFW,0
4826-DXMUP,0
1431-AIDJQ,0
3197-NNYNB,1
2990-HWIML,0
1751-NCDLI,0
7112-OPOTK,0
4009-ALQFH,1
1089-XZWHH,0
4320-QMLLA,0
6349-JDHQP,1
2737-YNGYW,0
1907-UBQFC,0
6923-EFPNL,0
4526-ZJJTM,0
0093-EXYQL,0
0337-CNPZE,1
8382-SHQEH,0
3482-ABPKK,2
1406-PUQVY,0
6303-KFWSL,0
8947-YRTDV,5
9000-PLFUZ,0
9617-UDPEU,0
5656-JAMLX,5
6345-ULYRW,2
3400-ESFUW,0
4923-ADWXJ,1
6650-VJONK,3
7504-UWHNB,0
9848-JQJTX,0
0575-CUQOV,0
2560-QTSBS,0
1187-WILMM,0
9853-JFZDU,0
4013-TLDHQ,0
5651-WYIPH,0
6302-JGYRJ,0
8634-CILSZ,0
1644-IRKSF,1
9651-GTSAQ,0
9878-TNQGW,0
7609-NRNCA,0
7969-FFOWG,3
7632-MNYOY,1
2079-FBMZK,0
1465-VINDH,0
2220-IAHLS,0
1591-NFNLQ,0
6650-BWFRT,0
5995-SNNEW,0
1352-HNSAW,0
8010-EZLOU,0
4531-AUZNK,0
6211-WWLTF,3
9867-XOBQA,4
0107-YHINA,0
7971-HLVXI,0
3565-UNOCC,2
8818-XYFCQ,2
0557-ASKVU,0
9259-PACGQ,5
5229-DTFYB,2
2186-QZEYA,0
8092-NLTGF,0
4248-QPAVC,0
5965-GGPRW,0
3454-JFUBC,0
8182-PNAGI,0
2181-TIDSV,0
4819-HJPIW,0
0420-TXVSG,1
8120-JDCAM,0
2027-FECZV,0
0831-JNISG,5
5879-SESNB,0
7825-GKXMW,1
0345-XMMUG,0
8631-NBHFZ,0
2740-JFBOK,0
2931-SVLTV,0
3999-QGRJH,0
4741-WWJQZ,1
0704-VCUMB,0
6077-BDPXA,3
8631-WUXGY,4
2436-QBZFP,0
7138-GIRSH,0
1231-YNDEK,2
4959-JOSRX,0
8800-ZKRFW,0
4455-BFSPD,0
3422-GALYP,0
5084-OOVCJ,1
8028-PNXHQ,0
7601-DHFWZ,0
8229-TNIQA,0
6993-YGFJV,2
4835-YSJMR,0
4513-CXYIX,0
5494-HECPR,0
1689-YQBYY,0
1862-SKORY,1
9889-TMAHG,0
5668-MEISB,1
8651-ENBZX,4
4854-SSLTN,0
2862-JVEOY,0
8593-WHYHV,5
9330-IJWIO,0
4853-OITSN,0
4603-JANFB,0
8648-PFRMP,5
4335-BSMJS,0
2522-AHJXR,0
5649-ANRML,0
3892-NXAZG,1
1156-ZFYDO,0
8938-UMKPI,0
0897-FEGMU,0
7244-QWYHG,0
6185-TASNN,0
3913-RDSJZ,0
0301-FIDRB,0
4366-CTOUZ,0
0481-SUMCB,0
7921-BEPCI,2
3307-TLCUD,3
3523-BRGUW,3
1680-VDCWW,5
0988-JRWWP,0
6583-QGCSI,1
3144-KMTWZ,0
2577-GVSIL,0
9821-BESNZ,0
7361-YPXFS,0
0378-XSZPU,0
1518-OMDIK,0
8100-HZZLJ,0
7113-HIPFI,0
7242-EDTYC,0
0366-NQSHS,1
0428-IKYCP,0
3518-FSTWG,0
6139-ZZRBQ,0
1725-MIMXW,3
8229-MYEJZ,0
2192-OZITF,0
5135-GRQJV,0
7266-GSSJX,1
5348-CAGXB,0
5562-BETPV,0
0567-GGCAC,2
4067-HLYQI,0
6682-QJDGB,1
9928-BZVLZ,0
3227-WLKLI,0
6568-POCUI,0
6032-KRXXO,0
0464-WJTKO,1
4795-WRNVT,0
9614-RMGHA,3
3174-AKMAS,4
1508-DFXCU,1
3082-WQRVY,0
8910-ICHIU,0
0723-FDLAY,1
6776-TLWOI,0
1552-AAGRX,0
5046-NUHWD,0
0723-VSOBE,1
7634-HLQJR,0
6229-UOLQL,1
8050-WYBND,0
3211-ILJTT,4
2674-MIAHT,1
1307-TVUFB,5
2722-VOJQL,1
8970-ANWXO,0
3566-CAAYU,0
3571-RFHAR,1
0702-PGIBZ,0
2408-TZMJL,1
5339-PXDVH,0
0980-PVMRC,0
8203-XJZRC,0
2896-TBNBE,0
5312-UXESG,0
1403-GYAFU,0
3181-MIZBN,4
8393-JMVMB,0
5313-FPXWG,0
3750-CKVKH,0
9668-PUGNU,0
7318-EIVKO,1
1776-SPBWV,0
6461-SZMCV,0
2885-HIJDH,0
6048-UWKAL,0
9540-JYROE,1
8429-XIBUM,0
1209-VFFOC,0
2362-IBOOY,0
6038-GCYEC,0
1088-AUUZZ,1
7639-SUPCW,0
2167-FQSTQ,0
8268-YDIXR,0
6029-CSMJE,0
6901-GOGZG,1
1952-DVVSW,2
9124-LHCJQ,0
5186-PEIZU,1
7665-NKLAV,0
4902-OHLSK,0
1206-EHBDD,0
2753-JMMCV,0
4277-PVRAN,0
1724-IQWNM,0
4990-ALDGW,0
6505-OZNPG,0
2626-URJFX,0
0750-EKNGL,0
6034-ZRYCV,0
8807-ARQET,1
6992-TKNYO,0
7234-KMNRQ,0
6557-BZXLQ,3
3259-FDWOY,0
5306-BVTKJ,0
5577-OTWWW,0
0581-BXBUB,0
1265-ZFOSD,0
0237-YFUTL,0
6096-EGVTU,0
5915-DGNVC,0
9261-WDCAF,0
3274-NSDWE,0
5889-JTMUL,1
1229-RCALF,2
9189-JWSHV,0
6340-DACFT,0
8784-CGILN,0
3657-COGMW,0
0696-UKTOX,0
9710-NJERN,1
2236-HILPA,0
9402-CXWPL,0
3985-HOYPM,0
4255-DDUOU,1
6710-HSJRD,0
9788-HNGUT,0
2480-JZOSN,0
4609-KNNWG,0
2232-DMLXU,0
8532-UEFWH,0
3705-RHRFR,0
4452-ROHMO,1
5127-BZENZ,0
8559-CIZFV,0
4919-MOAVT,0
0839-JTCUD,0
6855-VLGOS,0
9603-OAIHC,3
4291-SHSBH,0
0541-FITGH,0
2683-BPJSO,0
0621-CXBKL,5
8266-VBFQL,0
3312-ZWLGF,0
7325-ENZFI,0
2692-AQCPF,2
4807-IZYOZ,0
6142-VSJQO,3
5119-KEPFY,0
5453-AXEPF,0
7321-VGNKU,0
6661-HBGWL,0
1965-DDBWU,0
4860-IJUDE,0
7341-LXCAF,0
0750-EBAIU,2
8221-HVAYI,3
9469-WEJBT,0
2692-PFYTJ,0
2819-GWENI,0
5188-HGMLP,0
9574-BOSMD,0
3363-EWLGO,1
0277-ORXQS,0
6576-FBXOJ,0
5076-YVXCM,3
5373-SFODM,0
0970-ETWGE,2
9418-RUKPH,0
4578-PHJYZ,3
7028-DVOIQ,0
9786-YWNHU,3
0983-TATYJ,1
3768-NLUBH,3
7841-FCRQD,0
5730-DBDSI,0
8065-QBYTO,0
4198-VFOEA,0
2391-IPLOP,0
1809-DMJHQ,0
0141-YEAYS,0
1716-LSAMB,0
6732-VAILE,0
3319-DWOEP,0
4193-IBKSW,4
9835-ZIITK,0
3961-SXAXY,0
0181-RITDD,0
3512-IZIKN,0
7421-ZLUPA,0
0699-NDKJM,0
6248-BSHKG,0
3694-GLTJM,0
1023-BQXZE,5
5286-YHCVC,1
4430-UZIPO,2
2739-CACDQ,0
1104-TNLZA,0
9107-UKCKY,0
0328-GRPMV,0
2057-BOYKM,0
6979-TNDEU,1
0749-IRGQE,3
0089-IIQKO,0
0187-QSXOE,0
8242-JSVBO,0
3886-CERTZ,0
5047-LHVLY,0
3084-DOWLE,1
2851-STERV,1
6275-YDUVO,1
8740-XLHDR,0
7579-KKLOE,3
3733-ZEECP,2
5322-TEUJK,0
6060-DRTNL,0
4192-GORJT,1
3462-BJQQA,0
9323-HGFWY,0
7916-VCCPB,1
1548-FEHVL,0
2072-ZVJJX,2
3466-WAESX,0
2400-FEQME,0
5795-KTGUD,1
3466-BYAVD,0
0139-IVFJG,0
8084-OIVBS,0
5606-AMZBO,0
7016-BPGEU,0
4289-DTDKW,0
9374-YOLBJ,0
7203-OYKCT,1
4291-TPNFG,1
7878-RTCZG,2
6656-GULJQ,0
3721-CNEYS,0
5312-IRCFR,0
3269-ATYWD,3
9692-TUSXH,0
8782-NUUOL,3
4817-VYYWS,0
9685-WKZGT,0
1213-NGCUN,0
4892-VLANZ,0
7551-JOHTI,0
0847-HGRML,0
5605-IYGFG,0
1852-QSWCD,0
0258-NOKBL,0
1136-XGEQU,0
3224-DFQNQ,0
5445-GLVOT,0
3458-IDMFK,5
8735-SDUFN,0
8687-BAFGU,0
3926-CUQZX,1
7250-EQKIY,1
1320-HTRDR,0
8823-RLPWL,0
2018-QKYGT,0
5846-QFDFI,0
4800-CZMPC,0
0795-LAFGP,0
7548-SEPYI,0
6838-HVLXG,0
5207-PLSTK,0
9068-VPWQQ,0
7722-VJRQD,2
3977-QCRSL,4
2273-QCKXA,0
2194-IIQOF,5
3884-UEBXB,0
4160-AMJTL,0
5748-RNCJT,0
0722-SVSFK,3
8705-WZCYL,0
6877-LGWXO,0
6507-ZJSUR,0
3338-CVVEH,0
3230-WYKIR,0
0402-OAMEN,0
3331-HQDTW,0
4929-XIHVW,0
4658-HCOHW,0
5498-TXHLF,0
5884-FBCTL,2
8023-QHAIO,0
1866-NXPSP,1
6635-CPNUN,1
2606-PKWJB,0
5449-FIBXJ,0
4231-LZUYM,0
5445-UTODQ,0
5149-TGWDZ,1
4023-RTIQM,0
4598-ZADCK,1
1678-FYZOW,0
2754-XBHTB,0
0902-XKXPN,0
4957-TIALW,2
5756-OZRIO,3
7813-TKCVO,4
7114-AEOZE,0
2208-MPXIO,0
4238-HFHSN,0
1452-VOQCH,0
9397-TZSHA,0
0480-KYJVA,5
1226-IENZN,0
5842-POCOP,0
3804-RVTGV,0
6265-FRMTQ,0
6904-JLBGY,0
1016-DJTSV,4
4840-ORQXB,0
7721-JXEAW,1
9408-HRXRK,0
2430-USGXP,1
6655-LHBYW,5
0621-HJWXJ,0
4316-XCSLJ,1
5537-UXXVS,0
7310-EGVHZ,2
1093-YSWCA,2
7459-IMVYU,0
4432-ADRLB,0
3055-MJDSB,4
8780-IHCRN,0
3374-LXDEV,0
5593-SUAOO,0
0178-CIIKR,0
6968-MHOMU,1
6900-PXRMS,0
2928-HLDBA,0
2845-HSJCY,0
7880-XSOJX,0
7586-ZATGZ,0
3941-XTSKM,0
7173-TETGO,0
2172-EJXVF,0
3765-JXVKY,0
1904-WAJAA,2
0670-KDOMA,0
0754-UKWQP,0
3170-NMYVV,1
1009-IRMNA,0
8060-HIWJJ,0
0786-IVLAW,1
6308-CQRBU,1
3916-NRPAP,0
5630-IXDXV,0
9239-GZHZE,0
7905-TVXTA,0
9143-CANJF,4
7167-PCEYD,0
7442-YGZFK,4
8414-OOEEL,0
9581-GVBXT,0
0963-ZBDRN,0
6718-BDGHG,1
9708-KFDBY,0
1746-TGTWV,1
3407-QGWLG,0
1060-ENTOF,1
8896-RAZCR,0
3340-QBBFM,0
4250-FDVOU,0
6867-ACCZI,0
7541-YLXCL,3
2026-TGDHM,0
5808-TOTXO,2
3746-EUBYR,0
2164-SOQXL,5
4534-WGCIR,0
5281-BUZGT,1
5736-YEJAX,0
1568-LJSZU,5
9402-ORRAH,1
9079-LWTFD,1
5970-GHJAW,0
2927-QRRQV,0
0017-IUDMW,0
9138-EFSMO,0
3798-EPWRR,0
2439-QKJUL,2
6603-QWSPR,0
6023-GSSXW,0
2233-FAGXV,0
8746-BFOAJ,0
2636-ALXXZ,0
3452-ABWRL,2
6928-ONTRW,1
0835-DUUIQ,0
6582-OIVSP,2
5734-EJKXG,0
5616-PRTNT,0
3943-KDREE,0
1928-BXYIV,0
7503-ZGUZJ,0
9674-EHPPG,0
4918-QLLIW,0
0952-KMEEH,4
4003-FUSHP,5
6152-ONASV,0
7209-JCUDS,0
6704-UTUKK,0
5622-UEJFI,1
8565-WUXZU,0
5339-TJFEK,0
3191-CSNMG,0
4713-ZBURT,0
6873-UDNLD,4
5269-NRGDP,0
2225-ZRGSG,0
2812-REYAT,0
5171-EPLKN,0
3521-SYVOR,0
5115-SQAAU,0
4360-QRAVE,0
3278-FSIXX,0
1752-OZXFY,2
3178-CIFOT,1
6652-YFFJO,2
4226-KKDON,1
5055-BRMNE,3
4097-YODCF,0
2842-JTCCU,1
9360-OMDZZ,1
2908-ZTPNF,0
0902-RFHOF,1
9824-QCJPK,3
8756-RDDLT,0
8999-EXMNO,2
6885-PKOAM,0
4855-SNKMY,0
2259-OUUSZ,0
8100-PNJMH,0
5322-ZSMZY,0
2321-OMBXY,5
2969-QWUBZ,0
8608-OZTLB,1
4881-JVQOD,0
3070-BDOQC,5
1506-YJTYT,0
2004-OCQXK,0
1970-KKFWL,1
8780-IXSTS,3
6432-TWQLB,2
2632-IVXVF,0
4872-VXRIL,0
9026-RNUJS,5
7322-OCWHC,0
2379-ENZGV,0
2782-JEEBU,0
2371-KFUOG,0
8095-WANWK,0
8224-UAXBZ,0
3298-QEICA,0
1945-XISKS,0
4859-ZSRDZ,0
5392-AKEMH,0
9300-AGZNL,0
5514-YQENT,3
1471-GIQKQ,0
3249-ZPQRG,0
0959-WHOKV,1
8400-WZICQ,0
7295-JOMMD,0
0722-TROQR,0
3623-FQBOX,0
7945-PRBVF,4
2123-VSCOT,0
3639-XJHKQ,0
5103-MHMHY,0
6257-RJOHI,0
2070-FNEXE,0
1329-VHWNP,0
0916-QOFDP,0
7833-PKIHD,1
3967-VQOGC,0
5871-DGTXZ,0
7908-QCBCA,1
3694-DELSO,0
6797-LNAQX,0
7929-SKFGK,0
7339-POGZN,0
7061-OVMIM,0
8883-GRDWQ,1
3162-ZJZFU,3
9804-ICWBG,0
9381-NDKME,0
3755-JBMNH,0
2293-IJWPS,1
4274-OWWYO,0
8791-GFXLZ,0
0533-BNWKF,0
3645-DEYGF,3
9800-OUIGR,0
0565-JUPYD,0
2696-ECXKC,3
1196-AMORA,0
8292-FRFZQ,0
7379-FNIUJ,0
8617-ENBDS,0
3572-UOLYZ,0
9103-TCIHJ,5
5914-XRFQB,2
9600-NAXZN,0
9399-APLBT,0
5543-QDCRY,0
9617-INGJY,1
7903-CMPEY,0
3442-ZHHCC,0
2037-XJFUP,0
3640-JQGJG,0
3500-NSDOA,1
7245-JMTTQ,0
7691-KGKGP,4
3027-ZTDHO,3
4475-NVTLU,0
2165-VOEGB,2
4760-THGOT,0
8317-BVKSO,1
2430-RRYUW,0
5110-CHOPY,0
3756-VNWDH,1
0731-EBJQB,0
1159-WFSGR,2
8029-XYPWT,0
2323-ARSVR,0
9885-CSMWE,0
7609-YBPXG,1
9108-EQPNQ,0
0259-GBZSH,5
8204-TIFGJ,0
1530-ZTDOZ,0
0780-XNZFN,0
3727-JEZTU,3
3748-FVMZZ,5
8374-XGEJJ,0
7878-JGDKK,0
9933-QRGTX,5
2372-HWUHI,0
3955-JBZZM,0
3158-MOERK,0
4760-XOHVN,1
4636-JGAAI,1
9475-NNDGC,4
2450-ZKEED,0
4646-QZXTF,0
5774-XZTQC,0
5419-KLXBN,2
2302-ANTDP,0
1062-LHZOD,0
2126-GSEGL,0
2535-PBCGC,0
1265-XTECC,0
2955-PSXOE,0
8454-AATJP,0
6559-RAKOZ,0
3727-OVPRY,0
3132-TVFDZ,0
9114-DPSIA,0
8086-OVPWV,0
3498-LZGQZ,0
1453-RZFON,0
3887-PBQAO,0
3509-GWQGF,0
9866-QEVEE,0
1173-XZPYF,0
0135-NMXAP,0
2667-WYLWJ,0
5930-GBIWP,0
0100-DUVFC,0
7129-AZJDE,0
9593-CVZKR,0
6366-XIVKZ,0
0979-MOZQI,2
6365-HITVU,4
5982-XMDEX,0
4785-NKHCX,0
1064-FBXNK,0
4187-CINZD,0
4079-VTGLK,0
6579-JPICP,4
7243-LCGGZ,0
9631-RXVJM,0
3211-AAPKX,1
5872-OEQNH,3
0308-IVGOK,0
8979-CAMGB,0
6637-KYRCV,0
1582-RAFML,0
8634-MPHTR,0
0397-GZBBC,1
4391-LNRXK,0
6323-AYBRX,0
3239-TPHPZ,0
7549-MYGPK,4
2314-TNDJQ,0
5020-ZSTTY,0
1488-SYSFC,0
9419-IPPBE,0
1843-TLSGD,0
7602-DBTOU,0
5429-LWCMV,3
4770-QAZXN,0
5845-BZZIB,0
3192-LNKRK,0
0396-UKGAI,5
2642-MAWLJ,0
1915-OAKWD,0
2189-WWOEW,0
4636-TVXVG,3
9796-MVYXX,0
2499-AJYUA,2
2215-ZAFGX,0
4419-UJMUS,0
2682-KEVRP,0
8445-DNBAE,1
1676-MQAOA,2
1133-KXCGE,3
6000-UKLWI,0
8167-GJLRN,0
0679-TDGAK,3
0320-JDNQG,0
4973-RLZVI,0
0536-ACXIP,0
3439-GVUSX,0
2429-AYKKO,0
8328-SKJNO,0
7813-ZGGAW,0
1941-HOSAM,0
7560-QJAVJ,0
7346-MEDWM,0
8587-XYZSF,0
0056-EPFBG,0
3070-FNFZQ,0
5208-FVQKB,2
3557-HTYWR,0
6227-FBDXH,0
8216-AZUUZ,0
7537-CBQUZ,0
4307-KTUMW,1
9916-AYHTC,0
5862-BRIXZ,0
5261-QSHQM,4
5380-AFSSK,0
8016-NCFVO,0
5174-ITUMV,4
5095-AESKG,0
6397-JNZZG,0
6591-QGOYB,0
6082-OQFBA,0
2272-WUSPA,0
1174-FGIFN,0
6845-RGTYS,0
2481-SBOYW,0
4957-TREIR,1
6646-JPPHA,0
2360-RDGRO,1
1768-HNVGJ,0
0868-VJRDR,0
4753-PADAS,0
9359-JANWS,5
1709-EJDOX,0
5360-XGYAZ,0
2239-JALAW,0
8512-WIWYV,0
9696-RMYBA,1
6235-VDHOM,1
9090-SGQXL,2
4745-LSPLO,0
0689-NKYLF,0
8708-XPXHZ,0
8063-GBATB,0
9496-IVVRP,0
3134-DSHVC,5
9958-MEKUC,0
7005-CCBKV,0
8626-XHBIE,1
9992-RRAMN,0
9337-SRRNI,0
3831-YCPUO,2
5630-AHZIL,0
6338-AVWCY,0
1142-WACZW,0
9885-MFVSU,0
0221-WMXNQ,0
4937-QPZPO,0
0644-OQMDK,0
5232-NXPAY,0
8189-XRIKE,0
3370-GQEAL,0
1240-HCBOH,4
0993-OSGPT,0
6497-TILVL,0
2330-PQGDQ,4
5461-QKNTN,0
9040-KZVWO,0
9084-OAYKL,0
2519-ERQOJ,0
4285-GYRQC,1
7450-NWRTR,0
6815-ABQFQ,0
0330-IVZHA,4
2788-CJQAQ,0
5442-XSDCW,0
7293-LSCDV,0
8064-RAVOH,0
5527-ACHSO,3
0584-BJQGZ,1
1522-VVDMG,0
1266-NZYUI,0
9135-MGVPY,0
7950-XWOVN,0
1910-FMXJM,1
1370-GGAWX,1
4013-GUXND,0
2034-GDRCN,0
2138-VFAPZ,0
0862-PRCBS,0
1074-WVEVG,0
6016-LVTJQ,0
5149-CUZUJ,0
5201-CBWYG,0
4671-LXRDQ,0
1020-JPQOW,0
5945-AZYHT,0
3898-GUYTS,0
2428-HYUNX,0
8944-AILEF,0
8932-CZHRQ,0
0244-LGNFY,0
2834-JKOOW,0
3646-ITDGM,0
2550-QHZGP,0
9500-IWPXQ,0
0362-ZBZWJ,0
4140-MUHUG,0
8628-MFKAX,0
5828-AVIPD,0
9231-ZJYAM,1
3680-CTHUH,1
4080-OGPJL,0
3729-OWRVL,4
4656-CAURT,0
6371-NZYEG,0
7446-KQISO,1
6439-PKTRR,0
0318-QUUOB,0
9367-OIUXP,0
7608-RGIRO,1
1264-FUHCX,0
6661-EIPZC,3
5640-CAXOA,0
6413-XKKPU,3
6725-TPKJO,0
1950-KSVVJ,3
7251-LJBQN,0
7663-CUXZB,0
5014-WUQMG,2
3621-CHYVB,0
5006-MXVRN,0
4701-AHWMW,1
3841-NFECX,3
2876-VBBBL,0
5575-TPIZQ,0
6050-FFXES,2
5295-PCJOO,3
0334-GDDSO,0
3589-PPVKW,1
3014-WJKSM,1
8999-XXGNS,5
1125-SNVCK,3
3703-TTEPD,2
7783-YKGDV,0
0641-EVBOJ,5
3190-FZATL,0
8295-FHIVV,4
5172-RKOCB,0
2228-BZDEE,1
2080-SRCDE,3
1110-KYLGQ,0
2773-OVBPK,0
1897-RCFUM,3
2378-YIZKA,0
2408-PSJVE,0
1563-IWQEX,3
9691-HKOVS,0
6352-GIGGQ,0
3259-QMXUN,0
2277-AXSDC,0
0923-PNFUB,0
8984-EYLLL,0
5074-FBGHB,0
0003-MKNFE,0
0578-SKVMF,0
2263-SFSQZ,0
8619-IJNDK,0
9154-QDGTH,0
2351-BKRZW,0
6421-SZVEM,0
7799-DSEWS,0
4349-GFQHK,0
9522-ZSINC,0
4558-CGYCZ,0
7623-HKYRK,0
0186-CAERR,2
3992-YWPKO,0
5277-ZLOOR,0
5919-VCZYM,0
9229-RQABD,0
6683-VLCTZ,0
7330-WZLNC,0
0239-OXEXL,1
8992-CEUEN,2
2904-GGUAZ,0
3550-SAHFP,0
9412-GHEEC,3
8981-FJGLA,0
8958-JPTRR,3
5624-BQSSA,0
3930-ZGWVE,1
4338-EYCER,0
8590-OHDIW,0
2432-TFSMK,0
4573-JKNAE,0
3199-XGZCY,4
3720-DBRWL,0
5533-RJFTJ,0
8414-MYSHR,5
5038-ETMLM,0
3424-NMNBO,0
9236-NDUCW,0
6633-SYEUS,0
4652-NNHNY,0
9553-DLCLU,0
8132-YPVBX,1
9244-ZVAPM,0
8573-CGOCC,0
7876-AEHIG,0
3154-HMWUU,0
6480-YAGIY,0
1548-ARAGG,0
1171-TYKUR,2
2722-JMONI,0
5985-BEHZK,0
3763-GCZHZ,0
4521-WFJAI,0
6461-PPAXN,0
2150-UWTFY,0
9818-XQCUV,0
4163-KIUHY,1
2024-BASKD,2
9904-EHEVJ,0
4853-RULSV,0
7218-HKQFK,0
3194-ORPIK,0
1760-CAZHT,0
0013-MHZWF,0
7774-OJSXI,0
4237-CLSMM,0
9206-GVPEQ,0
6121-VZNQB,0
5641-DMBFJ,0
0324-BRPCJ,0
5708-EVONK,0
7024-OHCCK,0
5183-KLYEM,0
3397-AVTKU,0
3580-GICBM,2
3441-CGZJH,2
9150-KPBJQ,3
5135-RDDQL,0
5600-PDUJF,0
2027-OAQQC,0
0488-GSLFR,4
9089-UOWJG,0
5057-RKGLH,0
9052-VKDUW,3
4116-IQRFR,0
0253-ZTEOB,0
2575-GFSOE,1
8356-WUAOJ,0
6773-LQTVT,3
0679-IDSTG,0
6616-AALSR,3
2958-NHPPS,0
9057-SIHCH,0
4176-RELJR,0
0621-TSSMU,0
9481-IEBZY,0
7879-CGSFV,2
4397-FRLTA,5
8286-AFUYI,0
9897-KXHCM,0
1336-EZFZY,0
6734-JDTTV,2
5997-OPVFA,0
3384-CTMSF,0
9945-PSVIP,4
7363-QTBIW,2
3870-SPZSI,1
4625-EWPTF,0
0409-WTMPL,1
4801-KFYKL,0
7905-NJMXS,0
0268-QKIWO,4
0818-OCPZO,0
3402-XRIUO,0
1389-WNUIB,0
2672-OJQZP,0
3757-NJYBX,0
8433-WXGNA,0
0580-PIQHM,0
7927-AUXBZ,0
2817-LVCPP,0
3777-XROBG,0
4367-NHWMM,0
2690-DVRVK,1
3097-NNSPB,0
2082-OJVTK,1
6086-ESGRL,4
8988-ECPJR,0
3234-VKACU,0
9494-MRNYX,0
5743-KHMNA,0
6082-GLJIX,0
5981-ITEMU,0
4636-OLWOE,0
5087-SUURX,0
3668-QPYBK,0
4312-GVYNH,0
2886-KEFUM,0
0281-CNTZX,0
8089-UZWLX,0
1074-AMIOH,0
4138-NAXED,4
2684-EIWEO,0
0723-DRCLG,0
9629-NHXFW,1
0083-PIVIK,4
1867-TJHTS,0
1468-DEFNC,0
8388-FYNPZ,1
6848-YLDFR,0
5553-AOINX,1
3617-XLSGQ,0
1513-XNPPH,0
2025-JKFWI,0
1166-PQLGG,0
8410-BGQXN,3
1834-ABKHQ,0
9050-QLROH,1
8434-VGEQQ,0
1228-ZLNBX,0
0388-EOPEX,0
4952-YSOGZ,0
6617-WLBQC,0
5480-TBGPH,5
4813-HQMGZ,0
0343-QLUZP,0
7094-MSZAO,0
6175-IRFIT,0
1320-GVNHT,0
1541-ETJZO,0
3138-BKYAV,0
5287-QWLKY,0
0530-IJVDB,0
1915-IOFGU,0
6894-LFHLY,1
9513-DXHDA,0
1087-GRUYI,4
4701-MLJPN,0
7409-JURKQ,0
7279-NMVJC,0
2091-GPPIQ,0
1397-XKKWR,2
3494-JCHRQ,0
5883-GTGVD,0
3174-RKMOW,0
9281-CEDRU,0
7976-CICYS,0
8819-IMISP,1
7080-TNUWP,0
9530-GRMJG,0
4112-LUEIZ,0
0308-GIQJT,0
7130-CTCUS,0
1219-NNDDO,0
5821-MMEIL,0
1614-JBEBI,0
2676-SSLTO,0
9708-HPXWZ,0
7269-JISCY,2
7337-CINUD,0
3605-JISKB,0
6479-SZPLM,0
4597-ELFTS,0
2150-WLKUW,0
4737-AQCPU,0
5130-IEKQT,1
0895-UADGO,0
3276-HDUEG,2
7892-QVYKW,0
4322-RCYMT,0
3457-PQBYH,4
5857-XRECV,0
6229-LSCKB,0
6985-HAYWX,0
5186-SAMNZ,3
1936-CZAKF,0
3323-CPBWR,0
6345-FZOQH,1
6010-DDPPW,0
0040-HALCW,3
3058-HJCUY,0
7740-KKCXF,0
3016-KSVCP,0
4686-GEFRM,1
2267-WTPYD,0
8146-QQKZH,0
0188-GWFLE,0
8387-MOJJT,0
5493-SDRDQ,0
4751-ERMAN,1
5832-XKAES,0
1955-IBMMB,0
4342-HENTK,3
8963-MQVYN,0
9254-RBFON,0
5651-CPDND,0
2522-WLNSF,0
5846-ABOBJ,0
7554-AKDQF,0
3665-JATSN,0
7009-PCARS,0
0596-BQCEQ,1
0817-HSUSE,0
0459-SPZHJ,0
1394-SUIUH,0
9537-JALFH,0
7255-SSFBC,0
6518-KZXCB,0
0178-SZBHO,0
9773-PEQBZ,4
9746-YKGXB,5
9227-LUNBG,2
1640-PLFMP,0
6284-KMNUF,4
3200-MNQTF,3
2589-AYCRP,1
8457-XIGKN,4
0587-DMGBH,0
6994-ORCWG,0
8709-KRDVL,1
7706-DZNKK,0
2990-IAJSV,0
5214-NLTIT,1
2103-ZRXFN,0
7246-ZGQDF,3
3317-HRTNN,0
2249-YPRNG,0
7634-WSWDB,0
2982-VPSGI,0
7088-FBAWU,3
1623-NLDOT,0
6250-CGGUN,0
3301-LSLWQ,0
5879-HMFFH,0
1195-OIYEJ,0
4986-MXSFP,0
0812-WUPTB,0
4291-HPAXL,0
9396-ZSFLL,0
1971-DTCZB,1
3522-CDKHF,1
7909-FIOIY,4
6680-WKXRZ,0
2550-AEVRU,1
5144-TVGLP,0
4123-DVHPH,0
6827-IEAUQ,0
3196-NVXLZ,1
5146-CBVOE,0
8659-IOOPU,5
9919-KNPOO,3
6171-ZTVYB,0
6479-OAUSD,0
6837-BJYDQ,0
9114-VEPUF,0
9529-OFXHY,0
8397-MVTAZ,0
9462-MJUAW,0
8695-WDYEA,1
2073-QBVBI,0
3982-XWFZQ,0
8603-IJWDN,0
6351-SCJKT,0
9972-NKTFD,0
8914-RBTSB,0
1839-FBNFR,1
8181-YHCMF,0
5692-FPTAH,0
0743-HRVFF,3
3186-AJIEK,0
2930-UOTMB,0
8486-AYEQH,0
0229-LFJAF,0
7684-XSZIY,0
8715-KKTFG,0
8417-GSODA,5
1697-NVVGY,1
9504-YAZWB,0
1794-HBQTJ,0
7065-YUNRY,0
9063-ZGTUY,1
6765-MBQNU,0
5375-XLDOF,0
0218-QNVAS,0
2573-GYRUU,0
1834-WULEG,0
1304-BCCFO,0
1193-RTSLK,0
4632-PAOYU,0
7359-WWYJV,1
3316-UWXUY,0
6772-WFQRD,0
4373-MAVJG,0
5060-TQUQN,0
9386-LDCZR,0
0471-ARVMX,0
3774-VBNXY,0
9548-ZMVTX,0
5898-IGSLP,0
7136-IHZJA,0
9837-BMCLM,0
0112-QAWRZ,3
2688-BHGOG,0
2911-UREFD,5
8468-FZTOE,5
6727-IOTLZ,0
1853-ARAAQ,0
3956-MGXOG,0
3167-SNQPL,0
6625-IUTTT,0
4909-JOUPP,0
8690-ZVLCL,0
6015-VVHHE,0
1073-XXCZD,5
9443-JUBUO,0
8469-SNFFH,0
8775-LHDJH,0
0612-RTZZA,3
0822-QGCXA,0
1963-SVUCV,0
7278-CKDNC,1
4553-DVPZG,0
2775-SEFEE,1
5619-XZZKR,0
2486-WYVVE,0
8149-RSOUN,0
8992-VONJD,0
8165-ZJRNM,4
6961-VCPMC,0
4993-JCRGJ,5
3567-PQTSO,0
8008-OTEZX,1
2180-DXNEG,0
1078-TDCRN,0
1415-YFWLT,0
7241-AJHFS,3
6166-ILMNY,4
4256-ZWTZI,0
3208-YPIOE,4
7110-BDTWG,2
1816-FLZDK,0
4827-DPADN,0
4248-HCETZ,0
3963-RYFNS,1
3810-PJUHR,4
6976-BWGLQ,5
8318-LCNBW,0
0666-UXTJO,0
9411-TPQQV,5
5049-GLYVG,0
0214-JHPFW,4
4929-BSTRX,0
0277-BKSQP,0
6032-IGALN,0
7703-ZEKEF,0
7677-SJJJK,0
3569-VLDHH,0
1600-DILPE,0
0774-RMNUW,1
0463-WZZKO,0
2519-FAKOD,0
7483-IQWIB,4
4566-QVRRW,1
7190-XHTWJ,0
9174-FKWZE,0
9693-XMUOB,1
0968-GSIKN,0
3205-MXZRA,0
1641-BYBTK,3
5647-FXOTP,3
3594-KADLU,0
8450-JOVAH,2
1891-QRQSA,3
1498-NHTLT,0
2696-RZVZW,0
9572-MTILT,0
8818-DOPVL,0
2978-XXSOG,0
1642-HMARX,1
5419-JPRRN,0
3506-LCJDC,0
3884-HCSWG,0
5149-QYTTU,0
9251-WNSOD,0
2676-ISHSF,1
4468-YDOVK,2
0742-LAFQK,0
0234-TEVTT,0
0506-LVNGN,3
3090-QFUVD,0
1599-EAHXY,1
9135-HSWOC,0
1262-OPMFY,0
3635-JBPSG,0
4671-VJLCL,2
2853-CWQFQ,0
0420-BWTPW,0
4080-IIARD,0
7140-ADSMJ,0
2012-NWRPA,1
7402-PWYJJ,0
2108-XWMPY,2
2777-PHDEI,4
9967-ATRFS,0
2003-CKLOR,0
7801-CEDNV,1
4811-JBUVU,0
1696-HXOWK,0
7742-MYPGI,0
0023-XUOPT,0
8735-IJJEG,0
4550-VBOFE,0
8015-IHCGW,2
2100-BDNSN,0
9564-KCLHR,0
3736-BLEPA,3
3580-HYCSP,0
1625-JAIIY,2
5119-NZPTV,0
9239-ZBZZV,0
7954-MLBUN,0
0524-IAVZO,0
2380-DAMQP,0
3724-UCSHY,0
5966-EMAZU,1
5955-EPOAZ,0
2408-WITXK,4
6394-HHHZM,0
7977-HXJKU,0
6543-JXSOO,0
7143-BQIBA,0
1098-KFQEC,0
5133-POWUA,5
1265-BCFEO,0
1564-NTYXF,0
5129-JLPIS,0
7883-ROJOC,1
0958-YHXGP,2
3530-VWVGU,1
2856-NNASM,0
0661-KQHNK,0
9489-JMTTN,2
0577-WHMEV,0
4385-ZKVNW,0
0380-ZCSBI,3
1000-AJSLD,0
3148-AOIQT,0
4430-YHXGG,5
0325-XBFAC,0
9907-SWKKF,2
8550-XSXUQ,0
6778-YSNIH,0
1628-BIZYP,2
1282-IHQAC,5
0019-GFNTW,2
3812-LRZIR,0
0265-EDXBD,0
4692-NNQRU,1
9470-RTWDV,0
8499-BRXTD,1
3373-DIUUN,0
6103-BOCOU,0
3859-CVCET,0
4710-FDUIZ,0
4546-FOKWR,0
5442-PPTJY,3
6937-GCDGQ,3
9728-FTTVZ,0
5062-CJJKH,2
8802-UNOJF,0
6029-WTIPC,0
0114-PEGZZ,0
4786-UKSNZ,1
9948-YPTDG,1
9824-BEMCV,0
3896-ZVNET,0
0626-QXNGV,0
9725-SCPZG,2
6609-MXJHJ,1
0274-JKUJR,0
6288-CHQJB,0
1963-VAUKV,0
5539-HIVAK,4
8133-ANHHJ,0
5054-IEXZT,0
5899-MQZZL,0
9620-ENEJV,0
6425-JWTDV,0
5172-MIGPM,4
4361-JEIVL,1
3050-GBUSH,0
4730-AWNAU,0
5198-EFNBM,1
4115-BNPJY,0
2632-UCGVD,0
6435-SRWBJ,0
6304-IJFSQ,0
1732-VHUBQ,0
6629-LADHQ,0
5906-DVAPM,0
5777-ZPQNC,0
0898-XCGTF,0
7636-OWBPG,0
3754-DXMRT,0
9906-NHHVC,0
1557-EMYVT,0
0278-YXOOG,2
9995-HOTOH,0
4803-AXVYP,0
0531-ZZJWQ,2
5240-CAOYT,2
6047-YHPVI,0
3007-FDPEA,0
0206-OYVOC,0
8042-RNLKO,0
7820-ZYGNY,0
6734-GMPVK,0
1552-CZCLL,0
4720-VSTSI,0
7274-CGTOD,0
1247-QBVSH,0
9129-UXERG,0
4257-GAESD,0
5236-XMZJY,0
0906-QVPMS,0
7277-OZCGZ,0
2839-RFSQE,0
1456-TWCGB,0
5028-HTLJB,0
6702-OHFWR,0
1268-ASBGA,0
7872-BAAZR,0
9780-FKVVF,3
1840-BIUOG,0
2001-MCUUW,0
9609-BENEA,2
2187-LZGPL,0
0816-TSPHQ,3
1324-NLTJE,0
9391-TTOYH,0
6892-BOGQE,0
8016-ZMGMO,1
1307-ATKGB,0
9031-ZVQPT,0
9278-VZKCD,2
9351-LZYGF,1
7396-VJUZB,0
0058-EVZWM,0
9364-YKUVW,0
6921-OZMFH,0
3926-YZVVX,0
2830-LEWOA,3
2786-GCDPI,0
7359-PTSXY,0
5312-TSZVC,1
0516-VRYBW,5
2959-EEXWB,1
8727-JQFHV,0
7365-BVCJH,0
6996-KNSML,2
4640-UHDOS,0
5732-IKGQH,0
6108-OQZDQ,3
2384-OVPSA,0
3627-FHKBK,0
4670-TABXH,0
6502-KUGLL,2
9079-YEXQJ,0
2418-TPEUN,5
6986-IXNDM,2
8865-TNMNX,1
0820-FNRNX,1
7881-INRLC,2
8097-OMULG,0
4633-MKHYU,0
5271-DBYSJ,1
5626-MGTUK,0
3392-EHMNK,0
6075-SLNIL,0
5485-WUYWF,0
1568-BEKZM,0
1833-VGRUM,0
6877-TJMBR,0
8490-BXHEO,0
4872-JCVCA,0
8752-GHJFU,0
6128-CZOMY,0
8313-AFGBW,3
4718-DHSMV,0
7928-VJYAB,1
0635-WKOLD,2
6518-PPLMZ,0
4282-ACRXS,0
7108-DGVUU,0
6386-SZZKH,0
3689-MOZGR,3
6689-TCZHQ,0
1094-BKOSX,1
5693-PIPCS,1
0936-NQLJU,0
3900-AQPHZ,0
2229-DPMBI,0
4137-BTIKL,0
7607-QKKTJ,0
5712-AHQNN,0
2664-XJZNO,0
5847-MXBEO,0
9661-ACXBS,5
0707-HOVVN,0
7929-DMBCV,1
8605-ITULD,0
8498-XXGWA,0
2237-ZFSMY,0
5727-MYATE,0
2061-VVFST,0
8337-UPOAQ,1
5356-KZCKT,2
1025-FALIX,0
5153-LXKDT,0
8076-FEZKJ,1
5917-HBSDW,0
3253-HKOKL,0
2272-UOINI,0
5318-YKDPV,3
3372-KWFBM,3
0674-DGMAQ,0
8559-WNQZS,1
7789-CRUVC,0
4634-JLRJT,0
4592-IWTJI,4
3295-YVUSR,0
5627-TVBPP,0
5709-LVOEQ,0
2041-JIJCI,1
0970-QXPXW,0
0810-BDHAW,0
3920-HIHMQ,3
6598-RFFVI,1
7389-KBFIT,0
4583-PARNH,0
3583-KRKMD,0
9115-YQHGA,1
1734-ZMNTZ,2
5652-MSDEY,0
1395-WSWXR,0
5529-GIBVH,0
0076-LVEPS,0
0221-NAUXK,0
4686-UXDML,0
4092-OFQZS,0
6439-LAJXL,0
2279-AXJJK,0
6158-HDPXZ,0
0426-TIRNE,1
3780-DDGSE,0
6648-INWPS,2
1084-MNSMJ,0
1731-TVIUK,0
0356-OBMAC,0
1299-AURJA,0
5993-JSUWV,0
5202-IVJNU,2
8433-WPJTV,0
3779-OSWCF,4
5804-JMYIO,0
0098-BOWSO,0
9851-KIELU,0
6475-VHUIZ,1
6599-SFQVE,1
9732-OUYRN,2
2828-SLQPF,0
1053-MXTTK,2
0928-JMXNP,1
5293-WXJAK,0
4723-BEGSG,0
3882-IYOIJ,0
7901-IIDQV,0
0082-OQIQY,0
5248-YGIJN,1
8857-CUPFQ,0
9405-GPBBG,0
0887-HJGAR,0
8711-LOBKY,0
5136-KCKGI,2
1241-FPMOF,0
4913-EHYUI,0
9531-NSBMR,0
1492-KGETH,0
5245-VDBUR,0
2501-XWWTZ,3
6048-NJXHX,0
5649-VUKMC,1
9548-LIGTA,0
5389-FFVKB,0
1763-KUAAW,2
0220-EBGCE,0
9339-FIIJL,0
1121-QSIVB,0
4597-NUCQV,0
1389-CXMLU,0
9921-ZVRHG,0
8152-UOBNY,0
6849-WLEYG,0
0471-LVHGK,0
9093-FPDLG,0
0357-NVCRI,0
3724-BSCVH,0
4482-FTFFX,0
2608-BHKFN,0
4785-FCIFB,5
2581-VKIRT,0
6509-TSGWN,0
1810-BOHSY,0
4878-BUNFV,0
3082-YVEKW,0
3948-XHGNA,0
7054-LGEQW,0
5778-BVOFB,3
0840-DFEZH,0
5383-MMTWC,0
7410-KTVFV,0
8450-LUGUK,0
8660-BUETV,3
7340-KEFQE,0
7107-UBYKY,0
3898-BSJYF,0
2640-PMGFL,5
9470-YFUYI,0
5186-EJEGL,0
2424-WVHPL,1
7253-UVNDW,0
7576-JMYWV,0
7594-RQHXR,0
0824-VWDPO,0
9027-TMATR,0
2245-ADZFJ,0
0623-IIHUG,0
6603-YRDCJ,1
3190-ITQXP,5
3428-XZMAZ,0
3349-ANQNH,0
8915-NNTRC,1
4702-HDRKD,4
0134-XWXCE,0
4726-DLWQN,0
1622-HSHSF,0
3446-QDSZF,0
6695-AMZUF,0
3758-CKOQL,0
6377-WHAOX,0
7576-ASEJU,1
8851-RAGOV,0
9300-RENDD,0
3714-JTVOV,5
7852-LECYP,1
6110-OHIHY,0
0991-BRRFB,0
3721-WKIIL,0
3166-PNEOF,0
1452-KIOVK,0
4132-KALRO,0
7596-IIWYC,1
9661-MHUMO,5
8109-YUOHE,0
4425-OWHWB,0
2996-XAUVF,0
2587-EKXTS,0
8747-UDCOI,0
5928-QLDHB,0
5160-UXJED,3
1432-FPAXX,0
8624-GIOUT,0
3638-VBZTA,0
9537-VHDTA,0
7994-UYIVZ,1
3329-WDIOK,0
6906-MPARY,0
6741-QRLUP,2
1502-XFCVR,0
5117-IFGPS,1
0947-MUGVO,0
0562-KBDVM,0
7029-RPUAV,0
9985-MWVIX,0
1867-BDVFH,0
8348-JLBUG,5
3902-MIVLE,0
2615-YVMYX,0
6131-FOYAS,0
6614-YOLAC,0
7206-GZCDC,0
9388-ZEYVT,0
6635-MYYYZ,0
7901-HXJVA,0
3023-GFLBR,1
7963-SHNDT,0
3967-KXAPS,0
7426-RHZGU,0
7521-AFHAB,5
6719-OXYBR,0
6527-PZFPV,0
3891-PUQOD,1
8922-NPKBJ,0
5003-OKNNK,0
4277-UDIEF,0
1845-CSBRZ,3
7776-QGYJC,0
1898-JSNDC,2
8044-BGWPI,1
6674-KVJHG,1
6467-CHFZW,0
0305-SQECB,0
6994-FGRHH,0
6778-JFCMK,0
2077-DDHJK,1
5468-BPMMO,1
3604-WLABM,0
7743-EXURX,5
6402-EJMWF,0
7217-JYHOQ,1
2750-BJLSB,0
5868-CZJDR,0
2378-VTKDH,0
2995-UPRYS,0
5564-NEMQO,0
0336-PIKEI,0
2023-VQFDL,1
2984-AFWNC,0
9442-JTWDL,0
3948-FVVRP,0
9097-ZUBYC,0
1545-ACTAS,0
2451-YMUXS,0
7812-FZHPE,0
5915-ANOEI,1
6968-GMKPR,0
0247-SLUJI,0
8595-SIZNC,4
3045-XETSH,0
6094-ZIVKX,0
9640-ZSLDC,0
0536-BGFMZ,0
7641-TQFHN,0
0327-WFZSY,1
2252-JHJGE,0
5003-XZWWO,0
5208-HFSBT,0
7519-JTWQH,0
7762-ONLJY,0
1091-SOZGA,0
8782-LKFPK,1
8048-DSDFQ,0
2373-NTKOD,0
5447-WZAFP,0
5567-WSELE,0
0576-WNXXC,0
4083-EUGRJ,0
0774-IFUVM,1
5628-RKIFK,0
1682-VCOIO,0
7537-RBWEA,0
2277-VWCNI,0
2037-SGXHH,1
2266-SJNAT,0
7570-WELNY,0
9489-UTFKA,0
6100-QQHEB,0
9896-UYMIE,0
2251-PYLPB,0
5647-URDKA,1
4304-XUMGI,1
0529-ONKER,0
2514-GINMM,0
3005-TYFRD,0
5568-DMXZS,0
5792-JALQC,4
6538-POCHL,0
9986-BONCE,0
3043-TYBNO,1
0136-IFMYD,3
2195-VVRJF,0
1585-MQSSU,0
8840-DQLGN,0
5887-IKKYO,4
0877-SDMBN,0
0848-SOMKO,0
3315-IKYZQ,0
7675-OZCZG,0
3644-QXEHN,0
1708-PBBOA,0
2869-ADAWR,1
4525-VZCZG,0
0836-SEYLU,0
2946-KIQSP,2
3452-SRFEG,1
8413-YNHNV,0
7693-LCKZL,0
3669-LVWZB,0
0654-PQKDW,0
5095-ETBRJ,0
6362-QHAFM,0
7785-RDVIG,0
7579-OOPEC,5
9250-WYPLL,0
8620-RJPZN,0
8606-OEGQZ,0
4389-UEFCZ,0
2230-XTUWL,0
0032-PGELS,0
8485-GJCDN,0
3282-ZISZV,0
1455-HFBXA,1
5013-SBUIH,0
6024-RUGGH,0
4381-MHQDC,0
9498-FIMXL,0
3393-FMZPV,0
1269-FOYWN,5
2322-VCZHZ,0
7647-GYYKX,0
8815-LMFLX,0
3908-MKIMJ,0
0516-OOHAR,0
7639-OPLNG,0
8873-GLDMH,0
4465-VDKIQ,0
1686-STUHN,0
3164-YAXFY,3
9342-VNIMQ,0
4390-KYULV,0
6671-NGWON,0
0269-XFESX,0
3807-XHCJH,0
9101-BWFSS,4
9430-FRQOC,1
4510-PYUSH,0
7926-IJOOU,0
7055-VKGDA,0
0383-CLDDA,0
4822-LPTYJ,4
9137-NOQKA,0
7272-QDCKA,1
6437-UDQJM,2
8111-RKSPX,0
8580-AECUZ,0
6339-RZCBJ,0
5376-DEQCP,0
8910-LEDAG,3
4201-JMNGR,0
2176-LVPNX,0
0112-QWPNC,0
6574-MCOEH,0
3086-RUCRN,0
6586-PSJOX,0
3317-VLGQT,0
2294-SALNE,0
6754-WKSHP,1
8212-CRQXP,0
4501-UYKBC,0
3372-CDXFJ,0
3787-TRIAL,0
1699-UOTXU,0
8996-ZROXE,2
0909-SDHNU,0
5827-MWCZK,0
4526-EXKKN,0
2957-JIRMN,3
0947-IDHRQ,1
1814-WFGVS,2
2361-FJWNO,0
2669-OIDSD,0
2586-CWXVV,0
5795-BKOYE,0
3312-UUMZW,0
1310-QRITU,1
5583-EJXRD,4
8225-BTJAU,0
9474-PHLYD,0
2907-ILJBN,0
2868-SNELZ,3
5226-NOZFC,0
4884-LEVMQ,0
2005-DWQZJ,0
3125-RAHBV,5
0969-RGKCU,0
6408-OTUBZ,0
1352-VHKAJ,0
2160-GPFXD,0
1621-YNCJH,0
8824-RWFXJ,0
2683-JXWQQ,0
0871-OPBXW,1
3540-RZJYU,0
2316-ESMLS,0
5701-ZIKJE,3
2826-DXLQO,0
1036-GUDCL,2
1784-BXEFA,0
2277-DJJDL,1
0971-QIFJK,0
6506-EYCNH,0
6418-PIQSP,0
9102-IAYHT,1
8417-FMLZI,0
1024-GUALD,0
2235-DWLJU,1
9975-SKRNR,0
2867-UIMSS,0
7521-YXVZY,0
2985-JUUBZ,0
2144-BFDSO,1
8879-ZKJOF,0
4629-NRXKX,1
8845-LWKGE,0
3473-XIIIT,0
7479-NITWS,0
1658-TJVOA,1
5153-RTHKF,0
4851-BQDNX,0
7787-BNTZM,1
0533-UCAAU,0
9975-GPKZU,0
3165-HDOEW,0
1803-BGNBD,0
8039-ACLPL,4
8212-DJRCH,1
1208-NBVFH,5
2519-TWKFS,0
1769-GRUIK,0
2887-JPYLU,0
0315-LVCRK,0
3873-NFTGI,0
3090-LETTY,0
0013-EXCHZ,0
6581-NQCBA,0
1576-PFZIW,0
1573-LGXBA,0
5320-BRKGK,0
2446-ZKVAF,0
0899-WZRSD,0
3737-XBQDD,0
5624-RYAMH,0
3468-DRVQJ,0
7470-DYNOE,3
8963-JLGJT,3
2176-OSJUV,0
5405-ZMYXQ,0
4081-DYXAV,0
6103-LIANB,0
1047-RNXZV,3
4111-BNXIF,0
8226-BXGES,0
2096-XOTMO,5
8931-GJJIQ,0
8929-KSWIH,0
7797-EJMDP,1
8696-JKZNU,0
2868-MZAGQ,5
7966-YOTQW,1
7359-SSBJK,1
9174-IHETN,0
0201-OAMXR,1
1112-CUNAO,2
2607-DHDAK,3
8650-RHRKE,0
8514-VZHEB,1
1215-FIGMP,0
7398-HPYZQ,0
2146-EGVDT,0
4742-DRORA,1
6248-TKCQV,1
3001-CBHLQ,3
8903-XEBGX,0
2668-TZSPS,0
7964-VEXDG,0
0410-IPFTY,0
4625-LAMOB,0
6584-VQMYT,2
7638-QVMVY,0
4523-WXCEF,0
1796-JANOW,0
7696-AMHOD,0
2192-CKRLV,0
3640-PHQXK,0
0757-WCUUZ,0
2097-YVPKN,0
0365-GXEZS,0
8111-BKVDS,0
6598-KELSS,0
0432-CAJZV,0
0661-KBKPA,3
2296-DKZFP,0
5832-EXGTT,2
0320-DWVTU,0
3489-HHPFY,0
0347-UBKUZ,1
7284-BUYEC,1
0356-ERHVT,0
7306-YDSOI,0
4182-BGSIQ,1
4881-GQJTW,0
0637-KVDLV,3
4871-JTKJF,0
0002-ORFBO,1
5759-RCVCB,0
5336-UFNZP,0
9828-QHFBK,0
0756-MPZRL,0
2433-KMEAS,1
3520-FJGCV,0
6897-UUBNU,1
8835-VSDSE,0
3948-KXDUF,0
3647-GMGDH,0
5124-EOGYE,2
1360-XFJMR,1
6496-SLWHQ,0
9167-APMXZ,1
5940-NFXKV,0
8058-DMYRU,0
3838-OZURD,0
1354-YZFNB,3
7279-BUYWN,5
5935-FCCNB,5
6733-LRIZX,0
6952-OMNWB,1
4355-CVPVS,3
0422-UXFAP,3
1205-WNWPJ,0
9334-GWGOW,0
8241-JUIQO,1
1666-JZPZT,0
0975-VOOVL,3
5590-ZSKRV,4
1077-HUUJM,0
7665-TOALD,1
6651-RLGGM,0
9289-LBQVU,0
5193-QLVZB,0
3249-VHRIP,0
0404-AHASP,0
7446-SFAOA,0
6851-WEFYX,2
2207-RYYRL,0
2223-GDSHL,0
8466-PZBLH,0
5018-HEKFO,1
0378-TOVMS,1
3021-VLNRJ,0
8544-JNBOX,0
9741-YLNTD,0
4378-BZYFP,4
0843-WTBXE,0
7729-JTEEC,0
4554-YGZIH,1
8413-VONUO,0
8612-GXIDD,2
8541-QVFKM,0
1257-SXUXQ,0
1261-FWTTE,0
0397-ZXWQF,0
4700-UBQMV,0
4988-IQIGL,0
2863-IMQDR,0
3842-IYKUE,3
7139-JZFVG,0
6353-BRMMA,5
7998-ZLXWN,0
7101-HRBLJ,4
4526-RMTLL,0
4378-MYPGO,1
6692-YQHXC,0
5256-SKJGO,4
6982-SSHFK,0
5875-YPQFJ,0
8707-HOEDG,0
3723-BFBGR,0
8749-JMNKX,0
3733-UOCWF,0
5820-PTRYM,0
5566-SOEZD,0
4537-DKTAL,1
8265-HKSOW,0
6556-DBKZF,0
8148-WOCMK,0
5345-BMKWB,0
3422-WJOYD,1
2696-NARTR,3
3933-DQPWX,4
3219-JQRSL,0
6478-HRRCZ,0
0709-TVGUR,0
2111-DWYHN,0
8699-ASUFO,0
3186-BAXNB,0
4012-ZTHBR,3
6933-FHBZC,0
6416-TVAIH,0
1976-AZZPJ,0
1291-CUOCY,0
0266-GMEAO,0
1173-NOEYG,0
9504-DSHWM,0
2924-KHUVI,0
2357-COQEK,0
8329-GWVPJ,0
4821-WQOYN,3
0617-FHSGK,1
6997-UVGOX,1
9061-TIHDA,0
0064-YIJGF,0
3258-SANFR,0
6283-GITPX,0
9572-WUKSB,0
9065-ZCPQX,0
9170-GYZJC,3
0771-WLCLA,1
2920-RNCEZ,1
2720-WGKHP,0
1335-NTIUC,1
7219-TLZHO,1
5539-TMZLF,0
7073-QETQY,0
8098-LLAZX,1
9445-ZUEQE,0
3904-UKFRE,0
1626-ERCMM,0
9357-UJRUN,3
6196-HBOBZ,0
6549-BTYPG,2
0222-CNVPT,0
2480-SQIOB,0
0257-KXZGU,0
7668-XCFYV,1
0280-XJGEX,0
7439-DKZTW,3
5154-VEKBL,3
0719-SYFRB,0
2806-MLNTI,1
4146-SVFUD,3
5680-LQOGP,0
3308-JSGML,0
5922-ABDVO,0
3488-PGMQJ,1
8022-BECSI,0
5298-GSTLM,0
4804-NCPET,0
9944-HKVVB,0
6481-ESCNL,1
8292-ITGYJ,0
8357-EQXFO,1
4933-IKULF,0
9076-AXYIK,1
8515-OCTJS,0
9820-RMCQV,1
4566-GOLUK,1
6615-NGGZJ,0
0125-LZQXK,0
5762-TJXGK,0
8080-POTJR,0
9269-CQOOL,0
5949-EBSQK,0
6326-MTTXK,0
8200-KLNYW,4
3190-XFANI,0
3334-CTHOL,5
1757-TCATG,0
9560-ARGQJ,0
7225-CBZPL,0
3006-XIMLN,4
7660-HDPJV,1
7733-UDMTP,0
3976-NLDEZ,4
3223-WZWJM,0
4627-MIHJH,0
6284-AHOOQ,0
7802-EFKNY,3
3620-MWJNE,0
4315-MURBD,0
8950-MTZNV,0
8380-MQINP,5
7661-CPURM,0
1925-TIBLE,0
5219-YIPTK,0
8065-YKXKD,0
7599-FKVXZ,0
2292-XQWSV,0
2947-DOMLJ,0
9681-OXGVC,0
1964-SVLEA,0
8685-WHQPW,0
5131-PONJI,0
6008-NAIXK,0
9092-GDZKO,5
8348-HFYIV,0
1833-TCXKK,0
7184-LRUUR,1
5924-IFQTT,0
2371-JQHZZ,0
4332-MUOEZ,1
8325-QRPZR,0
9207-ZPANB,0
2959-FENLU,2
0769-MURVM,0
8474-UMLNT,0
4452-QIIEB,0
9507-EXLTT,0
3701-SFMUH,0
9547-ITEFG,0
2829-HYVZP,0
2568-BRGYX,0
8263-QMNTJ,1
8430-TWCBX,0
2770-NSVDG,0
5294-CDGWY,0
1895-QTKDO,0
7996-MHXLW,0
8975-SKGRX,0
9139-TWBAS,0
7208-PSIHR,0
2075-PUEPR,3
4373-VVHQL,0
8722-PRFDV,0
4307-KWMXE,0
6067-NGCEU,0
6543-XRMYR,0
8821-KVZKQ,5
4098-NAUKP,1
6656-JWRQX,0
4631-OACRM,0
7196-LIWRH,1
4360-PNRQB,0
8402-OOOHJ,4
6240-EURKS,5
4560-WQAQW,0
8777-PVYGU,0
6286-ZHAOK,4
2724-FJDYW,0
7683-CBDKJ,0
6917-YACBP,0
4626-GYCZP,0
7968-QUXNS,0
6036-TTFYU,0
3066-RRJIO,0
9750-BOOHV,0
5546-QUERU,0
3315-TOTBP,0
0373-AIVNJ,0
2049-BAFNW,0
5644-PDMZC,3
0661-WCQNQ,0
6651-AZVTJ,0
5384-ZTTWP,2
7941-RCJOW,5
8124-NZVGJ,0
1821-BUCWY,0
8980-WQFWL,5
9026-LHEVG,0
2013-SGDXK,0
1790-NESIO,5
7613-LLQFO,0
2495-TTHBQ,3
1891-FZYSA,0
4572-DVCGN,0
6285-FTQBF,0
6734-CKRSM,1
3445-HXXGF,0
8819-ZBYNA,0
6726-NNFWD,0
0228-MAUWC,4
5536-SLHPM,0
4547-LYTDD,0
9359-UGBTK,0
3161-GETRM,0
7239-HZZCX,0
6244-BESBM,0
3085-QUOZK,0
8769-KKTPH,1
5366-IJEQJ,0
8621-MNIHH,0
8107-RZLNV,0
2338-BQEZT,1
3621-CEOVK,0
5973-EJGDP,2
3050-RLLXC,0
1767-CJKBA,0
9763-GRSKD,0
7029-IJEJK,0
0748-RDGGM,0
0187-WZNAB,0
1478-VPOAD,1
9142-XMYJH,0
4883-KCPZJ,0
8714-EUHJO,0
9891-NQDBD,0
3865-QBWSJ,4
1042-HFUCW,3
8041-TMEID,0
6437-UKHMV,0
0853-TWRVK,2
9588-YRFHY,0
3797-FKOGQ,0
4847-TAJYI,0
4922-CVPDX,1
1925-GMVBW,0
8868-GAGIO,0
1580-BMCMR,0
0725-CXOTM,0
9763-PDTKK,0
0602-DDUML,0
7181-OQCUT,1
1839-UMACK,0
4462-CYWMH,0
5161-XEUVX,0
2393-DIVAI,0
7515-LODFU,0
0506-YLVKJ,0
1170-SASML,0
9803-FTJCG,3
3259-KNMRR,0
6848-HJTXY,0
4719-UMSIY,0
1699-TLDLZ,3
5148-HKFIR,0
7841-TZDMQ,0
4832-VRBMR,1
5828-DWPIL,0
7398-SKNQZ,3
2178-PMGCJ,0
4568-TTZRT,0
3511-BFTJW,0
6513-EECDB,0
5494-WOZRZ,0
9122-UMROB,3
8739-QOTTN,3
3082-VQXNH,0
5678-VFNEQ,0
1162-ECVII,0
2931-FSOHN,0
1241-EZFMJ,1
1089-HDMKP,0
1298-PHBTI,0
8750-QWZAJ,0
6199-IPCAO,0
2252-ISRNH,0
6184-DYUOB,0
8513-OLYGY,5
2789-CZANW,0
6419-ZTTLE,0
8190-ZTQFB,0
6942-LBFDP,0
7524-VRLPL,0
3094-JOJAI,0
1216-JWVUX,0
9091-WTUUY,0
4891-NLUBA,0
4999-IEZLT,3
5774-QPLTF,1
0634-SZPQA,0
4849-PYRLQ,0
5998-VVEJY,3
5227-JSCFE,0
6507-DTJZV,0
9938-PRCVK,0
9838-BFCQT,0
1086-LXKFY,0
6476-YHMGA,0
4280-DLSHD,0
8073-IJDCM,5
4459-BBGHE,0
8097-VBQTZ,0
2937-FTHUR,0
8510-TMWYB,0
5327-XOKKY,0
0023-UYUPN,4
9817-APLHW,0
3566-HJGPK,0
7321-KKSDU,0
2203-GHNWN,0
6013-BHCAW,0
2460-FPSYH,5
3391-JSQEW,0
0603-OLQDC,0
6490-FGZAT,0
4737-HOBAX,1
3178-FESZO,0
1334-FJSVR,0
2761-OCIAX,0
8966-OIQHG,0
7599-NTMDP,1
5192-EBGOV,0
4884-ZTHVF,0
5671-RQRLP,0
9565-AXSMR,0
2739-CCZMB,0
7577-SWIFR,0
5756-JYOJT,0
4355-HBJHH,0
9633-DENPU,3
4083-BFNYK,0
6874-SGLHU,0
3481-JHUZH,1
1251-KRREG,0
7780-OTDSO,0
4369-HTUIF,0
9298-WGMRW,0
1536-HBSWP,0
1098-TDVUQ,0
9518-IMLHK,0
7654-YWJUF,0
2108-GLPQB,0
0440-EKDCF,0
8495-PRWFH,0
4395-PZMSN,0
0623-GDISB,0
5998-DZLYR,2
4195-SMMNX,1
2737-WFVYW,0
0787-LHDYT,0
4727-MCYZG,5
9184-GALIL,0
3005-NFMTA,0
3487-EARAT,0
4290-BSXUX,0
6178-KFNHS,1
4393-GEADV,0
8741-LQOBK,0
0595-ITUDF,0
4323-SADQS,0
9258-CNWAC,0
5854-KSRBJ,0
2458-EOMRE,0
8350-NYMVI,4
3585-ISXZP,0
1761-AEZZR,0
2197-OMWGI,0
7274-RTAPZ,0
1830-GGFNM,0
0378-NHQXU,0
2791-SFVEW,0
6234-PFPXL,2
4828-FAZPK,0
4619-EVPHY,1
9658-WYUFB,0
7786-WBJYI,0
7771-ZONAT,0
1004-NOZNR,0
7593-XFKDI,0
3352-ALMCK,0
1140-UKVZG,0
3987-KQDDU,3
2256-YLYLP,0
7422-WNBTY,0
2483-XSSMZ,0
8043-PNYSD,3
7079-QRCBC,0
2054-PJOCK,0
7100-FQPRV,0
7596-LDUXP,1
2897-DOVND,0
3144-AUDBS,5
8785-CJSHH,0
0487-VVUVK,0
2890-WFBHU,0
1131-ALZWV,0
2207-OBZNX,0
9412-ARGBX,0
4979-HPRFL,4
3793-MMFUH,3
5515-RUGKN,0
2485-ITVKB,0
8937-RDTHP,0
1335-HQMKX,1
1200-TUZHR,0
5173-WXOQV,0
3506-OVLKD,0
4877-TSOFF,3
3744-ZRRDZ,3
2320-JRSDE,0
5176-LDKUH,0
7508-SMHXL,0
5512-IDZEI,0
7103-IPXPJ,0
4026-SKKHW,1
5844-QVTAT,0
5940-AHUHD,0
4767-HZZHQ,0
8455-HIRAQ,0
8338-QIUNR,0
0657-DOGUM,4
7989-AWGEH,0
5174-RNGBH,0
3345-PBBFH,0
8738-JOKAR,0
4931-TRZWN,0
7148-XZPHA,0
4075-JFPGR,0
2235-EZAIK,0
6810-VCAEX,3
9479-HYNYL,2
7312-XSBAT,0
5583-SXDAG,0
8760-ZRHKE,0
9822-OAOVB,0
6631-HMANX,0
0564-MUUQK,0
4524-QCSSM,0
6296-DDOOR,0
5843-TTHGI,3
9480-BQJEI,0
5233-GEEAX,1
7471-MQPOS,0
2462-XIIJB,0
1951-IEYXM,0
0689-DSXGL,0
5858-EAFCZ,0
6599-CEBNN,0
4143-HHPMK,0
8404-VLQFB,1
2533-TIBIX,0
4183-WCSEP,0
4712-AUQZO,1
9576-ANLXO,0
4431-EDMIQ,5
4616-ULAOA,0
2115-BFTIW,2
9714-EDSUC,0
1587-FKLZB,0
8749-CLJXC,0
2569-WGERO,0
7695-PKLCZ,0
2585-KTFRE,0
0057-QBUQH,0
5724-BIDBU,0
6728-VOIFY,5
7801-KICAO,1
0973-KYVNF,0
2927-CVULT,0
7159-FVYPK,0
9170-CCKOU,0
6705-LNMDD,0
7711-GQBZC,1
7876-DNYAP,0
0872-NXJYS,0
1449-XQEMT,0
6664-FPDAC,0
9453-PATOS,1
2712-SYWAY,3
9507-HSMMZ,0
0680-DFNNY,2
5382-TEMLV,0
1407-DIGZV,0
5296-BFCYD,0
4830-FAXFM,0
5044-XDPYX,0
6908-VVYHM,0
5404-GGUKR,1
5949-HGVJL,0
3795-GWTRD,0
1960-UOTYM,0
3863-QSTYI,0
0804-XBFBV,0
2580-ATZSQ,0
4032-RMHCI,0
5846-NEQVZ,0
5445-PZWGX,0
8792-AOROI,0
0739-UUAJR,0
5275-PMFUT,1
4422-QVIJA,0
3685-YLCMQ,0
1728-BQDMA,0
2823-LKABH,0
4912-PIGUY,1
5158-RIVOP,2
3976-BWUCK,0
9121-PHQSR,0
6813-GZQCG,0
3097-FQTVJ,0
8563-IIOXK,0
9700-ZCLOT,0
5325-UWTWJ,4
4291-YZODP,3
9318-NKNFC,0
9769-TSBZE,0
2801-NISEI,0
8465-SBRXP,0
1422-DGUBX,2
0823-HSCDJ,0
8313-KTIHG,1
8908-SLFCJ,0
1092-WPIVQ,0
1569-TTNYJ,0
2302-OUZXB,2
4086-WITJG,0
5014-GSOUQ,0
5797-APWZC,2
7517-SAWMO,0
9574-RKJIF,0
2195-ZRVAX,0
3209-ZPKFI,0
7605-SNLQG,0
7658-UYUQS,0
8809-XKHMD,0
8042-JVNFH,0
3027-YNWZU,0
3038-PQIUY,0
5546-BYZSM,0
5178-LMXOP,0
6156-UZDLF,5
7305-ZWMAJ,0
3244-CQPHU,0
0434-CSFON,0
7164-BPTUT,0
1984-GPTEH,0
2030-BTZRO,0
0876-WDUUZ,0
6035-BXTTY,0
3339-EAQNV,0
3452-FLHYD,1
6035-RIIOM,0
2908-WGAXL,0
1373-ORVIZ,0
8450-UYIBU,0
3049-SOLAY,0
3508-VLHCZ,0
1902-XBTFB,0
1596-OQSPS,0
9885-AIBVB,0
8663-UPDGF,1
8062-YBDOE,0
1285-OKIPP,0
8679-JOEVF,0
0708-SJDIS,0
7530-HDYDS,4
7375-WMVMT,4
2800-QQUSO,0
1309-XGFSN,0
0236-HFWSV,0
9661-JALZV,0
5701-YVSVF,0
2101-RANCD,0
1744-JHKYS,1
1052-QJIBV,0
3351-NGXYI,0
3642-BYHDO,0
3301-VKTGC,0
7394-LWLYN,1
7568-PODML,0
4818-DRBQT,0
0604-THJFP,0
9764-REAFF,1
7989-VCQOH,0
0531-XBKMM,0
3915-ODIYG,0
9185-TQCVP,0
8871-JLMHM,0
4694-PHWFW,3
2027-CWDNU,0
5309-TAIKL,0
9626-VFRGG,1
5939-XAIXZ,0
7449-HVPIV,0
5275-SQEIZ,0
3417-TSCIC,0
6366-ZGQGL,0
2974-GGUXS,0
4472-LVYGI,0
2240-HSJQD,0
4994-OBRSZ,0
0071-NDAFP,0
5150-LJNSR,0
2516-VQRRV,0
0376-YMCJC,0
7595-EUIVN,0
2208-NKVVH,1
7401-JIXNM,0
4110-PFEUZ,0
2391-SOORI,0
4632-XJMEX,1
1222-LRYKO,0
4208-UFFGW,0
8118-LSUEL,0
7945-HLKEA,0
9895-VFOXH,1
1991-VOPLL,0
2884-GBPFB,1
1485-YDHMM,0
0354-VXMJC,2
2139-FQHLM,0
9839-ETQOE,1
0377-JBKKT,0
4587-NUKOX,0
0412-UCCNP,0
0869-PAPRP,0
2070-XYMFH,0
0376-OIWME,0
2789-HQBOU,1
4806-HIPDW,0
8372-JUXUI,0
5474-LAMUQ,0
6347-DCUIK,0
5692-ICXLW,0
7995-ZHHNZ,0
1925-LFCZZ,0
3099-OONVS,3
3726-TBHQT,0
8199-ZLLSA,4
0440-MOGPM,0
3001-UNBTL,0
6133-OZILE,0
0732-OCQOC,3
3669-OYSJI,0
5377-NDTOU,0
2363-BJLSL,0
5696-QURRL,0
2077-MPJQO,0
7876-BEUTG,0
4189-NAKJS,3
0104-PPXDV,2
9451-LPGOO,0
3146-MSEGF,1
3537-HPKQT,0
1985-MBRYP,0
3957-SQXML,0
9313-QOLTZ,5
8623-TMRBY,0
3914-FDRHP,1
9778-OGKQZ,0
6878-GGDWG,1
5501-TVMGM,3
2189-UXTKY,2
3946-MHCZW,0
1629-DQQVB,2
2933-XEUJM,0
2595-KIWPV,0
3325-FUYCG,0
1754-GKYPY,0
0675-NCDYU,0
2740-TVLFN,0
8725-JEDFD,1
8165-CBKXO,0
5552-ZNFSJ,2
6719-FGEDO,0
2654-VBVPB,0
2509-TFPJU,0
2982-IHMFT,2
4747-LCAQL,2
3472-QPRCH,0
4501-VCPFK,1
3067-SVMTC,0
5687-DKDTV,1
0311-QYWSS,0
7767-UXAGJ,0
0771-CHWSK,0
5155-AZQPB,0
7410-YTJIK,0
0094-OIFMO,5
8125-QPFJD,0
1122-JWTJW,0
1139-WUOAH,0
4154-AQUGT,4
4625-XMOYM,0
8168-UQWWF,0
0463-TXOAK,1
5944-UGLLK,0
7619-ODSGN,3
2455-USLMV,3
7562-GSUHK,0
1374-DMZUI,0
4123-FCVCB,0
0661-XEYAN,0
2831-EBWRN,0
6859-QNXIQ,1
7481-ATQQS,0
3313-QKNKB,0
8668-KNZTI,0
8809-RIHDD,0
6663-JOCQO,0
7010-ZMVBF,0
